CaseID,trace_act_id,TimeSincePreviousEvent-case_avg_id,Weekday-case_avg,SameDayTime-case_avg_id,Duration_id
2,53,0,1,17,0
3,53,2,3,6,1
4,53,0,3,19,0
5,60,0,1,17,0
6,53,0,1,21,0
8,53,0,3,17,0
9,134,5,4,21,6
10,53,15,4,17,13
11,53,0,3,6,0
14,53,0,1,21,0
16,73,0,3,11,0
17,53,11,2,13,9
19,53,0,4,17,0
21,53,5,3,12,4
22,84,11,0,16,12
24,53,18,1,19,15
25,53,0,3,13,0
26,90,0,3,17,0
27,53,7,3,21,6
29,53,0,0,18,0
30,53,8,0,18,7
32,53,0,2,17,0
35,35,0,2,18,0
36,53,2,1,18,2
37,57,3,3,15,7
38,53,0,1,17,0
40,53,0,3,20,0
41,53,0,1,19,0
42,53,0,3,20,0
43,53,0,1,17,0
44,53,0,1,1,0
45,53,17,4,21,14
47,53,2,2,19,1
48,134,0,3,23,0
49,84,2,4,18,2
50,54,0,0,10,0
51,84,6,0,17,6
52,53,0,3,21,0
53,107,4,3,21,7
55,84,8,0,14,9
56,35,0,0,20,0
57,53,1,1,14,1
59,54,0,2,22,0
60,90,1,2,20,2
61,53,0,4,17,0
62,35,0,0,23,0
64,34,3,4,19,7
66,53,0,1,18,0
67,53,5,1,12,4
68,53,0,2,20,0
70,84,11,1,15,12
71,53,0,2,17,0
72,53,8,1,21,7
73,35,0,1,19,0
74,143,0,4,20,0
75,15,13,4,11,15
76,35,0,2,0,0
78,53,11,1,12,9
80,53,3,4,18,2
81,107,2,1,17,3
84,53,0,4,18,0
85,53,3,4,7,2
86,84,1,4,12,2
87,87,4,0,16,8
88,33,2,4,19,3
90,53,0,2,17,0
91,53,0,1,21,0
92,53,3,1,18,3
93,53,3,0,18,2
94,53,0,2,17,0
95,53,1,0,19,1
96,54,0,1,13,0
98,53,1,3,20,1
99,53,2,2,17,1
101,134,3,1,19,3
102,53,0,0,17,0
103,25,1,0,17,3
104,53,0,3,18,0
108,53,5,2,18,4
109,90,11,0,18,16
110,53,0,3,12,0
111,66,0,1,20,1
112,53,3,4,20,2
113,134,6,1,21,6
116,53,0,4,21,0
117,53,0,4,19,0
118,53,0,0,20,0
119,53,3,0,21,2
120,84,4,1,20,5
121,53,0,2,23,0
122,53,0,1,13,0
123,90,1,4,19,2
124,53,0,4,17,0
125,90,6,3,17,8
126,12,14,0,22,11
127,53,0,4,18,0
128,36,0,0,18,0
130,134,0,3,17,0
132,84,1,3,21,1
133,15,0,2,21,0
134,53,0,1,22,0
135,92,4,3,20,8
136,53,0,2,19,0
137,84,4,4,20,4
138,53,0,4,18,0
139,53,0,0,16,0
141,99,2,2,19,4
142,53,0,2,22,0
146,53,0,1,23,0
148,54,0,1,6,0
149,53,0,3,8,0
150,139,1,2,17,2
151,53,0,2,19,0
152,53,2,4,18,2
153,53,0,0,17,0
155,90,8,1,12,12
157,53,5,1,19,4
158,53,0,1,18,0
159,53,2,2,17,2
160,53,0,4,21,0
161,53,1,1,16,1
162,12,1,4,22,1
163,53,5,2,18,4
164,53,0,1,21,0
165,35,0,5,1,0
166,53,5,2,7,4
167,85,1,0,20,1
168,53,0,0,19,0
170,97,3,3,17,5
171,15,0,1,18,0
172,53,4,0,13,3
173,15,0,0,20,0
174,84,5,0,10,5
175,53,0,1,15,0
176,53,0,1,19,0
177,53,0,2,17,0
178,53,2,2,22,2
179,53,0,3,19,0
180,53,0,3,21,0
181,35,0,3,19,0
182,53,1,0,18,1
183,134,1,0,17,1
185,90,4,2,21,5
186,84,1,4,18,1
187,53,0,2,21,0
188,53,0,0,21,0
189,15,0,1,23,0
190,53,4,1,8,3
194,53,11,0,20,9
195,99,1,2,18,2
196,53,0,3,21,0
197,54,0,0,16,1
198,53,4,3,22,3
199,145,0,2,10,0
200,53,1,0,22,1
201,53,0,0,16,0
203,53,2,4,18,1
204,53,0,1,7,0
205,90,3,1,22,5
206,90,1,4,20,2
207,53,8,0,19,7
208,53,0,1,20,0
209,53,0,2,19,0
211,35,0,3,19,0
212,53,0,0,20,0
213,35,5,1,17,2
214,15,0,2,17,0
215,53,5,1,20,4
216,15,0,2,20,0
217,53,1,4,12,1
218,66,2,5,12,4
219,151,1,1,18,1
220,84,3,3,19,3
221,53,2,0,13,1
222,35,0,2,20,0
223,54,0,5,10,0
224,84,0,0,20,0
225,35,0,3,21,0
226,53,0,1,6,0
227,53,1,1,18,1
228,53,0,3,18,0
229,35,0,2,19,0
231,15,0,3,9,0
234,15,4,2,20,4
236,53,8,0,13,6
238,53,1,1,17,1
239,53,8,3,20,7
240,53,5,2,22,4
241,53,1,0,18,1
242,53,8,2,20,7
243,53,0,2,22,0
244,53,0,3,2,0
245,53,2,0,20,1
246,15,1,1,23,2
247,142,0,4,15,0
248,36,0,2,19,0
249,53,3,2,16,2
250,53,2,2,7,2
251,53,4,1,18,3
252,60,10,0,17,14
254,53,3,1,21,2
255,53,0,1,21,0
256,53,6,3,13,5
257,53,5,2,22,4
258,90,1,3,12,1
259,15,14,2,17,15
260,15,9,0,20,10
261,53,0,0,19,0
263,53,0,3,12,0
264,53,0,4,18,0
266,36,0,2,16,0
267,53,0,3,18,0
268,134,0,4,16,0
269,145,14,0,17,7
270,107,1,4,17,1
271,128,0,0,17,0
272,84,11,2,14,12
273,53,0,4,0,0
274,53,2,3,18,2
275,53,8,0,21,7
276,134,0,1,18,0
277,53,0,1,20,0
278,120,6,0,20,10
279,35,0,4,17,0
280,92,1,1,13,2
281,15,1,0,21,1
283,53,8,0,17,7
284,53,0,1,17,0
285,53,0,3,19,0
287,53,0,1,17,0
288,53,0,3,20,0
289,53,0,1,22,0
290,116,4,3,9,5
291,15,2,2,19,2
292,53,0,3,16,0
293,53,7,4,19,6
294,53,0,4,21,0
295,54,0,2,20,0
297,53,0,3,20,0
298,53,0,2,12,0
300,53,2,3,7,1
301,66,0,3,17,0
302,53,1,5,7,0
303,53,0,0,17,0
304,53,0,3,21,0
305,84,2,0,17,2
306,53,0,0,23,0
307,53,1,0,17,1
309,53,1,0,19,1
310,84,11,3,20,12
311,53,0,1,19,0
312,53,0,2,18,0
314,53,1,0,17,1
315,90,6,1,0,9
316,15,1,0,20,1
318,53,1,0,19,0
319,90,6,2,9,8
320,53,10,1,7,8
321,26,0,4,13,0
322,90,4,1,12,6
324,145,11,0,17,6
325,15,6,2,12,7
327,53,7,3,20,6
328,53,0,1,19,0
329,60,5,2,18,7
330,16,0,4,20,1
334,90,0,1,20,1
335,53,0,0,17,0
336,53,1,4,18,1
338,53,0,4,18,0
339,84,0,1,22,0
340,84,2,2,10,3
341,35,0,2,11,0
342,53,18,2,6,15
344,53,0,4,9,0
347,36,7,4,17,6
350,84,13,2,20,14
351,53,1,3,20,1
352,36,0,1,18,0
353,53,2,1,1,1
354,116,0,2,22,0
355,15,9,0,9,10
356,53,0,2,17,0
357,53,0,3,17,0
358,15,1,1,21,1
359,53,10,4,19,8
360,53,14,2,7,12
362,84,11,1,10,12
363,15,1,2,18,1
365,90,0,2,20,0
366,53,0,1,20,0
368,32,7,2,19,15
369,73,0,3,18,0
371,53,0,3,20,0
372,53,0,3,20,0
373,53,5,4,15,4
375,53,0,3,20,0
376,90,3,0,17,4
377,53,11,0,14,10
379,53,5,0,21,4
381,53,1,3,18,1
385,53,0,3,1,0
386,90,1,1,17,2
387,54,2,2,20,2
388,117,5,1,17,6
389,15,0,1,19,0
390,53,0,0,18,0
391,53,2,1,18,1
392,36,0,0,22,0
393,53,1,4,20,1
394,53,0,4,19,0
395,53,0,3,19,0
396,15,1,3,20,1
397,53,0,4,17,0
398,84,11,2,14,12
400,53,5,1,18,4
401,53,16,3,14,13
403,53,0,2,17,0
404,53,9,3,16,8
405,60,1,0,14,1
406,15,0,3,11,0
409,53,0,1,18,0
410,53,3,1,15,2
411,53,5,1,15,4
413,135,5,4,10,7
415,54,0,1,10,0
416,53,12,4,20,10
417,84,4,2,14,4
418,53,1,0,18,0
419,90,2,4,21,3
420,53,0,2,23,0
422,53,2,0,11,1
423,134,3,3,19,4
424,54,0,0,20,0
425,84,9,0,18,10
426,107,6,1,17,10
427,53,0,4,15,0
428,53,0,1,17,0
429,15,0,1,22,0
430,53,0,1,20,0
431,53,0,4,5,0
432,53,2,4,18,2
434,53,2,2,18,1
436,54,0,1,19,0
437,84,1,1,21,2
439,53,6,2,12,5
440,53,0,1,19,0
442,53,0,5,8,0
443,15,0,3,20,0
444,53,2,0,20,2
445,53,0,0,18,0
448,84,5,1,21,6
449,90,0,2,21,0
450,53,0,3,21,0
451,15,1,2,20,1
452,53,2,0,6,2
453,54,0,2,18,0
454,53,0,2,1,0
455,90,5,2,17,7
457,53,0,2,14,0
458,53,16,1,20,13
459,53,5,1,19,4
460,53,1,0,14,1
461,84,6,2,16,6
462,50,5,1,19,6
463,54,10,2,10,11
464,54,2,4,17,2
465,15,1,1,21,1
466,53,1,4,21,1
468,90,3,3,21,5
469,90,0,0,19,0
471,90,2,4,19,3
472,53,15,0,22,12
473,53,17,0,19,15
475,53,0,2,22,0
476,90,4,3,18,5
477,53,0,2,17,0
478,23,5,3,19,7
479,35,0,1,19,0
481,53,0,2,20,0
482,36,1,0,18,0
483,53,0,2,17,0
485,15,0,0,18,1
486,53,0,0,20,0
488,53,3,1,20,2
489,53,0,3,21,0
490,53,0,1,17,0
491,84,10,0,20,11
492,53,0,3,20,0
493,53,2,1,12,2
494,53,0,2,18,0
495,53,0,3,23,0
497,53,6,2,21,5
498,54,5,1,18,6
499,53,1,4,19,1
500,53,8,1,12,6
501,15,0,0,20,0
502,53,13,0,16,11
503,41,11,2,18,15
505,53,5,4,15,4
508,84,5,3,20,6
509,107,2,0,19,3
510,84,13,0,20,14
511,53,5,4,19,4
512,84,3,3,21,4
513,53,2,2,18,1
514,54,0,4,14,1
515,53,0,3,19,0
516,84,4,0,20,4
517,81,3,2,6,6
518,60,7,4,11,9
519,53,0,4,16,0
520,54,6,2,20,6
521,53,0,1,20,0
522,84,3,0,18,3
524,53,5,1,21,4
526,84,4,0,15,5
528,53,2,2,16,2
531,53,2,1,14,2
533,53,3,1,23,2
534,53,0,1,15,0
535,53,2,1,21,2
536,53,0,3,7,0
537,84,8,4,19,8
538,53,0,3,0,0
539,53,0,2,19,0
540,53,2,2,17,1
541,53,0,1,15,0
542,53,0,0,21,0
543,53,1,4,6,1
544,53,0,2,22,0
545,53,0,3,8,0
546,53,0,4,19,0
547,120,8,2,19,14
548,84,2,4,17,2
549,53,6,2,19,5
550,35,0,4,15,0
551,84,4,2,14,5
552,53,0,0,17,0
555,53,6,2,22,5
556,35,0,3,17,0
560,53,9,3,18,7
561,53,0,4,13,0
562,53,2,1,13,2
563,53,0,2,19,0
564,53,3,3,18,2
565,84,0,0,18,0
567,53,0,4,20,0
568,53,0,1,18,0
569,15,2,3,18,2
570,53,0,1,22,0
571,90,10,1,18,15
572,119,0,4,18,1
573,84,0,0,16,0
574,145,0,2,18,0
576,54,0,4,2,0
577,73,5,4,18,6
578,35,2,0,15,1
579,53,0,1,22,0
580,53,1,1,17,1
581,84,2,0,17,2
582,66,4,2,11,9
583,53,0,1,20,0
584,99,2,3,21,5
585,53,0,3,20,0
586,53,4,1,22,3
587,90,7,3,19,10
588,53,7,1,12,6
589,53,1,0,18,1
590,53,0,3,7,0
591,134,2,2,20,2
592,145,5,0,9,2
596,53,1,0,6,1
597,53,7,4,19,6
598,15,0,3,22,0
599,134,1,0,17,1
600,53,3,2,18,2
601,53,8,0,20,7
602,84,9,2,18,10
604,35,0,0,18,0
605,53,0,0,21,0
607,90,0,1,19,1
608,90,4,0,11,6
609,15,10,5,4,11
610,53,2,3,17,2
611,53,0,4,18,0
612,134,0,2,18,0
613,53,1,0,18,0
614,53,2,2,18,2
615,53,5,3,15,4
616,53,9,2,21,7
617,53,0,1,20,0
618,53,0,1,1,0
619,53,9,3,21,7
620,90,4,1,15,5
621,53,1,3,16,1
622,43,12,3,16,14
623,85,4,4,20,6
625,53,1,0,20,1
627,53,0,1,16,0
628,90,5,2,19,8
629,35,0,2,20,0
632,53,3,3,21,3
633,53,1,1,18,0
634,53,0,3,17,0
635,15,0,2,18,0
636,107,6,2,11,10
637,53,5,3,18,4
640,53,10,4,22,8
641,145,6,0,18,3
642,15,0,2,21,0
643,53,0,3,19,0
644,145,4,1,12,2
646,90,4,0,20,5
647,53,0,0,21,0
648,53,18,2,13,15
649,53,0,1,15,0
650,53,0,3,17,0
651,117,4,2,19,4
652,53,2,1,21,2
653,12,0,0,20,0
654,53,0,3,20,0
655,53,2,2,18,2
657,53,0,3,22,0
658,53,5,0,18,4
659,53,0,3,17,0
660,90,9,0,11,13
661,134,0,4,17,0
662,53,3,2,22,2
663,53,0,2,16,0
665,15,5,4,20,5
666,23,1,1,17,2
667,53,5,3,6,4
668,53,0,4,11,0
669,53,0,2,17,0
670,53,0,2,17,0
671,15,2,0,20,2
672,26,5,3,19,9
673,53,3,0,13,2
674,90,5,1,8,7
675,90,1,0,17,1
677,117,5,3,21,5
678,90,9,1,16,12
680,53,0,2,14,0
681,53,8,2,7,7
682,53,0,1,19,0
683,53,0,2,19,0
684,53,3,1,17,2
686,53,0,4,19,0
687,53,0,0,18,0
688,15,0,3,18,0
689,53,2,0,16,1
690,15,0,1,17,0
692,53,0,2,15,0
693,53,0,2,20,0
694,53,2,0,18,1
695,90,5,1,20,7
697,53,0,4,18,0
698,54,0,2,20,0
699,107,2,1,7,3
700,36,0,0,17,0
702,53,0,4,14,0
703,90,1,0,18,2
704,53,10,0,19,8
705,35,0,4,23,0
706,53,0,3,18,0
707,53,6,0,15,5
709,16,2,1,11,3
710,53,0,1,22,0
711,53,1,3,18,1
712,84,0,0,20,0
713,134,5,0,15,6
714,53,0,3,19,0
715,90,8,2,19,11
716,54,0,3,16,0
717,53,0,3,18,0
718,53,3,1,19,2
719,53,2,1,21,2
720,53,0,0,22,0
721,53,2,1,21,2
722,53,0,0,18,0
723,53,0,1,20,0
724,53,2,3,18,2
725,4,0,3,8,1
726,53,0,2,21,0
727,66,4,2,20,9
729,53,6,4,13,5
730,90,8,3,23,12
731,73,0,2,17,0
733,53,3,2,22,2
734,53,11,1,17,9
735,53,0,2,19,0
736,53,2,1,8,2
737,53,0,2,14,0
738,15,2,3,19,2
739,53,0,2,18,0
740,53,0,3,16,0
741,53,2,3,19,1
742,35,0,2,10,0
743,54,0,4,15,0
744,84,7,3,20,8
745,53,0,2,13,0
746,53,5,1,13,4
748,90,5,1,21,7
749,85,3,3,20,4
750,15,5,4,16,6
751,128,1,1,20,1
752,53,6,3,21,5
753,53,0,2,21,0
754,90,7,2,16,10
755,53,1,0,21,1
756,53,0,1,19,0
758,84,5,0,15,5
759,15,1,0,16,1
760,53,4,0,21,3
761,53,7,0,19,6
762,53,2,4,13,2
763,53,2,0,18,1
764,53,0,3,21,0
765,53,8,4,14,6
766,53,5,1,7,4
767,53,2,0,20,1
768,80,1,3,19,2
769,53,9,1,19,7
770,84,4,1,13,4
771,134,0,5,4,0
772,53,0,4,16,0
773,53,8,1,20,6
774,15,0,3,16,0
776,53,0,2,18,0
777,12,0,5,6,0
778,53,7,0,13,6
779,90,1,4,11,1
781,61,9,3,20,15
783,53,2,0,17,2
784,54,1,3,19,1
785,53,0,2,20,0
786,22,4,3,12,6
787,53,0,4,17,0
788,84,0,4,20,1
789,53,0,1,18,0
790,84,1,0,20,2
791,53,12,4,19,10
792,53,8,0,22,6
793,53,0,1,18,0
794,53,2,2,12,2
795,54,0,0,17,0
796,84,4,4,19,4
797,53,2,1,21,2
798,10,5,4,19,12
799,84,10,2,18,11
800,53,13,0,19,11
801,53,0,3,19,0
802,53,0,0,18,0
803,15,0,4,1,0
804,1,9,3,7,15
806,84,6,0,15,7
808,134,0,2,23,0
810,53,0,3,20,0
811,36,0,4,21,0
812,53,0,2,20,0
813,53,0,2,23,0
814,53,10,0,20,9
815,53,0,2,22,0
816,84,12,4,13,13
817,97,3,1,18,6
818,53,0,1,16,0
819,53,1,4,18,1
820,53,7,4,21,6
822,53,0,3,21,0
823,84,5,1,20,5
827,84,1,2,20,1
828,60,4,4,20,6
829,53,0,1,22,0
830,15,0,1,8,0
832,53,0,3,1,0
833,134,0,2,15,0
834,15,0,4,17,1
835,15,5,1,9,5
836,42,6,3,16,10
837,53,0,2,18,0
838,53,16,1,16,13
840,53,5,2,19,4
842,53,0,0,17,0
843,53,2,1,18,2
844,53,0,2,20,0
846,134,2,0,20,2
847,53,0,2,19,0
848,53,5,3,22,4
850,145,3,1,20,2
851,53,2,4,19,2
852,53,0,1,22,0
853,53,0,0,17,0
854,53,0,1,23,0
855,53,7,0,18,6
857,84,2,0,19,2
858,53,0,2,15,0
859,53,1,0,19,1
860,53,5,2,18,4
861,22,5,5,2,7
862,53,9,1,16,7
863,53,1,0,18,1
864,90,7,2,17,10
865,53,0,3,23,0
866,53,3,2,8,3
867,15,0,1,17,0
869,53,2,2,13,1
870,53,12,2,19,10
871,53,0,0,12,0
872,53,2,3,8,1
873,53,0,0,22,0
874,4,5,0,22,7
876,84,6,0,18,7
877,84,2,4,18,2
878,53,9,1,13,7
879,53,1,5,8,1
880,53,2,2,18,2
882,53,0,4,13,0
883,98,4,0,19,8
884,53,0,4,21,0
885,35,0,4,0,0
886,53,0,0,19,0
887,105,3,1,19,5
888,53,2,2,20,1
889,15,0,0,17,0
890,110,2,1,21,6
891,53,0,1,15,0
892,53,1,1,22,1
893,35,0,0,18,0
895,56,2,4,16,4
896,53,12,1,12,10
897,53,0,4,22,0
898,84,2,3,11,2
899,44,7,1,10,14
900,90,6,4,12,8
901,36,1,3,20,0
902,53,0,2,22,0
903,134,1,0,14,1
904,53,2,2,19,2
905,15,0,1,22,0
907,90,9,4,20,13
908,53,3,2,15,2
909,53,0,0,18,0
910,53,1,1,18,1
912,15,1,2,16,1
913,53,0,3,15,0
914,53,0,1,22,0
915,53,2,1,18,2
916,53,0,1,17,0
917,53,4,4,18,3
918,53,4,0,19,3
919,90,7,1,18,10
920,53,6,1,23,5
921,53,13,0,19,11
922,107,6,3,18,10
923,36,0,4,22,0
924,90,1,0,19,1
925,53,1,4,5,1
926,53,0,4,17,0
927,53,0,0,15,0
928,53,9,1,14,7
929,26,1,1,20,2
931,53,0,2,8,0
932,35,0,3,20,0
933,15,6,5,11,6
934,54,0,1,20,0
935,53,14,2,12,11
936,90,0,0,20,0
937,50,4,2,16,5
938,84,3,3,15,4
940,53,0,2,20,0
941,84,9,0,16,10
942,53,0,2,21,0
943,53,0,4,23,0
944,79,1,1,19,3
945,15,0,1,20,0
946,53,1,4,21,1
947,8,3,4,21,6
948,120,0,3,14,0
950,53,1,4,16,1
952,84,8,1,16,9
953,53,0,3,20,0
954,53,0,4,15,0
955,53,0,1,21,0
956,53,6,1,6,5
957,53,0,2,23,0
958,90,4,1,16,6
960,53,6,1,19,5
962,53,8,0,21,6
965,90,1,4,17,2
966,90,4,0,20,6
967,53,1,0,19,1
968,53,0,0,20,0
969,15,0,1,20,0
970,53,0,3,22,0
971,134,2,2,12,2
972,53,2,0,20,1
973,19,7,0,20,16
974,15,7,1,5,8
975,54,0,0,11,0
976,53,0,3,13,0
977,90,7,4,22,9
978,15,0,2,21,0
981,54,0,1,17,0
982,53,0,4,20,0
983,35,0,3,20,0
985,53,0,2,17,0
987,60,0,2,19,1
990,53,0,0,16,0
991,90,6,1,17,8
992,53,9,3,17,7
993,90,4,0,18,5
994,53,4,1,8,3
995,90,9,2,16,13
996,53,9,0,19,7
997,53,4,0,15,3
1000,15,1,3,19,1
1002,53,0,4,16,0
1003,53,11,3,19,10
1004,53,2,0,16,2
1005,53,9,2,19,7
1006,53,0,4,20,0
1008,53,3,1,18,3
1009,84,1,4,20,1
1011,134,0,1,23,0
1012,53,1,4,23,1
1013,35,7,1,1,4
1014,90,4,3,11,5
1015,53,2,2,14,1
1016,53,0,2,18,0
1017,85,6,0,17,8
1018,53,2,3,17,1
1020,84,6,0,18,7
1021,53,0,1,19,0
1022,15,2,4,11,2
1024,15,1,4,17,1
1025,90,8,4,21,11
1028,53,7,4,19,6
1029,53,0,2,20,0
1030,14,4,3,19,6
1031,90,7,3,17,10
1032,84,10,1,21,12
1033,84,10,3,14,11
1034,53,0,1,18,0
1035,26,0,1,7,0
1036,90,0,1,22,1
1037,53,0,0,18,0
1038,53,0,2,22,0
1039,53,0,3,19,0
1040,53,0,0,11,0
1041,53,2,2,18,2
1042,53,0,2,18,0
1044,66,0,1,13,1
1045,53,1,0,20,1
1046,53,0,0,17,0
1047,23,0,4,18,0
1048,90,4,0,19,6
1049,54,1,2,12,1
1050,94,3,2,17,9
1051,53,9,0,20,7
1052,53,0,4,8,0
1053,23,5,1,22,7
1055,53,0,1,8,0
1056,53,0,2,21,0
1058,84,6,3,21,7
1059,53,0,0,18,0
1060,53,7,0,21,6
1061,23,9,1,17,13
1062,150,11,3,8,9
1063,53,0,2,23,0
1064,53,3,1,18,2
1065,35,1,0,21,1
1066,53,0,4,18,0
1067,53,0,1,20,0
1068,53,2,0,19,2
1069,53,0,1,22,0
1071,53,2,2,17,1
1072,15,0,2,21,1
1073,53,1,0,18,1
1074,84,6,3,16,7
1075,53,12,1,16,10
1076,84,6,1,20,7
1077,15,2,3,18,2
1078,54,0,2,21,0
1080,139,4,2,20,7
1081,84,2,3,9,2
1082,53,12,0,18,10
1083,15,0,2,1,0
1084,53,15,2,18,12
1085,70,0,1,16,1
1086,53,2,1,16,2
1089,90,5,3,21,7
1090,54,0,2,21,0
1091,150,4,1,20,3
1092,35,0,3,21,0
1093,35,0,5,1,0
1094,53,2,2,19,1
1095,12,0,2,23,0
1097,45,6,3,20,10
1098,15,4,3,11,4
1099,53,2,0,20,1
1100,90,3,4,21,5
1101,53,3,3,19,2
1102,54,2,1,20,2
1103,53,0,3,17,0
1105,5,0,1,18,0
1106,53,0,2,17,0
1107,53,0,4,19,0
1108,53,0,1,18,0
1112,105,9,1,20,13
1114,96,3,2,19,10
1115,53,0,1,13,0
1116,53,12,1,23,10
1117,53,2,2,19,2
1118,15,3,3,20,3
1119,53,2,3,18,1
1120,53,0,3,18,0
1121,53,5,2,19,4
1122,53,0,1,16,0
1123,53,0,1,19,0
1125,53,0,3,22,0
1126,36,1,4,19,0
1127,53,0,2,20,0
1128,53,2,2,19,1
1130,53,0,2,1,0
1131,53,0,2,17,0
1132,53,3,2,14,2
1133,53,0,2,20,0
1134,53,0,1,17,0
1135,50,11,4,17,12
1136,35,1,1,15,1
1137,53,0,0,21,0
1138,53,3,1,7,2
1139,53,0,2,1,0
1140,90,5,2,16,7
1141,104,4,0,18,14
1143,53,0,0,19,0
1146,53,0,0,18,0
1147,53,1,4,18,1
1148,53,0,1,20,0
1149,53,0,1,16,0
1150,53,0,0,21,0
1151,53,15,2,0,12
1152,53,0,2,16,0
1153,84,6,2,5,7
1154,118,0,0,15,0
1155,90,3,3,20,5
1157,53,5,2,21,4
1158,26,6,3,18,10
1160,53,0,3,18,0
1161,53,0,4,17,0
1162,53,2,0,21,1
1163,35,0,1,15,0
1165,53,0,2,15,0
1166,53,0,1,17,0
1167,90,7,0,14,10
1168,118,8,1,11,11
1169,35,0,0,22,0
1170,53,0,0,13,0
1171,53,0,1,19,0
1172,84,4,0,18,4
1173,89,3,1,19,8
1174,53,0,2,19,0
1175,60,1,0,16,1
1177,53,0,0,21,0
1178,53,0,1,16,0
1180,90,10,0,11,14
1181,53,0,0,19,0
1182,53,5,4,18,4
1183,90,0,3,20,0
1184,53,2,3,7,2
1185,53,0,4,15,0
1186,53,6,4,16,5
1187,53,0,1,18,0
1188,53,2,3,13,2
1189,90,10,4,17,14
1190,54,0,0,20,0
1191,90,4,1,4,6
1192,145,1,1,16,0
1194,15,0,2,19,0
1195,53,5,1,20,4
1196,53,5,1,7,4
1197,23,0,1,15,0
1198,36,0,3,0,0
1199,53,0,2,12,0
1200,53,2,1,12,1
1201,53,0,1,17,0
1202,15,0,3,18,1
1203,53,10,0,19,8
1204,92,6,3,18,12
1205,53,0,0,17,0
1206,53,0,3,16,0
1207,84,6,2,19,7
1208,53,0,4,12,0
1209,53,0,1,18,0
1211,15,3,4,20,3
1212,53,0,3,20,0
1213,53,7,1,19,6
1214,73,0,1,18,0
1215,53,0,1,20,0
1216,53,2,0,18,2
1217,53,8,2,19,6
1218,90,7,2,15,10
1219,53,3,3,7,2
1220,53,0,3,21,0
1222,53,3,1,19,3
1223,60,3,1,17,4
1224,53,0,3,20,0
1225,35,5,2,17,2
1226,36,0,4,19,0
1227,99,7,3,10,14
1228,53,0,1,23,0
1229,53,2,2,21,2
1230,53,18,0,23,15
1231,53,0,1,20,0
1232,53,0,2,22,0
1233,53,0,1,18,0
1234,84,2,4,18,2
1236,84,12,4,10,14
1237,53,0,2,16,0
1240,53,2,2,19,2
1241,53,2,1,19,1
1242,53,13,4,21,11
1243,53,5,3,21,4
1244,53,2,0,21,2
1245,93,3,1,19,11
1247,90,1,0,18,1
1248,105,5,3,13,7
1251,84,2,2,22,2
1252,54,1,1,19,1
1253,53,9,4,17,8
1255,84,2,0,19,3
1256,84,1,0,18,1
1257,53,0,1,22,0
1258,53,1,4,16,1
1259,36,0,3,23,0
1260,53,1,0,21,1
1262,53,3,0,15,2
1263,53,0,1,18,0
1264,90,3,2,17,5
1265,15,0,4,12,0
1266,53,0,3,20,0
1267,53,1,0,21,1
1268,35,0,2,19,0
1270,90,0,2,17,0
1271,35,0,1,17,0
1273,53,3,3,23,2
1274,53,0,3,16,0
1276,15,1,1,14,2
1277,53,3,2,19,3
1278,53,0,2,19,0
1279,15,1,1,18,1
1280,53,2,3,18,2
1281,54,0,3,15,0
1282,130,5,3,18,9
1283,53,3,1,18,2
1284,134,0,3,21,0
1285,53,0,0,19,0
1286,53,0,0,13,0
1287,53,1,0,22,1
1288,148,1,3,18,2
1289,53,0,4,23,0
1290,53,0,3,21,0
1291,53,0,3,1,0
1293,53,0,1,14,0
1294,53,2,1,20,1
1295,53,0,3,20,0
1296,53,1,1,13,1
1297,73,13,3,16,15
1298,53,0,4,6,0
1300,53,4,3,20,3
1302,92,3,1,18,7
1306,53,0,3,19,0
1307,90,11,0,20,16
1308,53,0,1,15,0
1310,90,6,2,17,9
1311,53,0,1,17,0
1312,53,0,0,15,0
1313,53,6,0,17,5
1316,53,0,2,15,0
1317,35,0,2,15,0
1320,53,2,2,20,1
1321,84,7,2,17,8
1322,90,4,4,11,6
1324,60,3,2,19,4
1325,35,0,2,21,0
1326,53,1,0,19,1
1327,115,15,1,21,13
1328,90,0,2,7,0
1329,53,0,4,21,0
1330,36,1,0,18,1
1331,53,2,4,18,1
1332,53,7,1,12,6
1333,90,2,2,18,2
1334,23,1,2,18,1
1335,53,0,3,13,0
1336,54,0,1,20,0
1337,53,10,1,21,8
1338,35,11,0,19,6
1339,29,2,0,21,5
1340,53,0,1,21,0
1341,53,0,2,20,0
1342,36,2,2,18,1
1343,84,0,3,21,0
1344,53,0,1,19,0
1345,88,7,2,19,12
1346,84,6,1,9,7
1347,53,0,0,18,0
1348,53,0,3,11,0
1349,84,7,1,20,8
1350,84,5,2,13,5
1351,134,6,3,18,7
1352,53,0,3,15,0
1353,107,5,0,18,8
1354,84,6,4,21,7
1355,53,0,3,15,0
1356,53,0,2,17,0
1357,53,0,0,22,0
1360,53,0,4,20,0
1361,53,0,2,21,0
1362,53,0,2,21,0
1363,53,3,1,19,2
1365,142,0,0,17,0
1367,53,3,1,20,2
1368,35,1,2,21,0
1369,129,3,2,21,5
1370,53,4,3,22,3
1372,53,1,1,12,1
1373,15,1,2,21,1
1374,84,7,1,20,7
1376,60,7,1,22,10
1377,90,5,3,16,7
1378,53,16,0,20,13
1379,53,0,4,23,0
1380,84,4,3,20,5
1381,26,5,2,11,9
1382,53,1,0,22,1
1383,53,1,1,21,1
1385,15,0,3,16,0
1389,53,0,2,17,0
1390,90,4,0,21,6
1391,26,5,1,7,8
1392,53,8,2,17,6
1394,53,0,4,18,0
1395,15,1,4,20,1
1399,53,0,4,18,0
1400,53,0,1,18,0
1401,84,14,2,20,15
1402,134,5,0,19,6
1403,26,5,2,7,8
1404,53,0,4,1,0
1405,53,2,0,17,2
1406,53,0,3,13,0
1408,54,6,1,21,7
1410,53,0,4,18,0
1411,99,3,4,14,7
1412,53,0,0,21,0
1413,73,0,0,15,0
1414,90,3,3,14,5
1415,53,2,2,19,1
1416,53,1,3,20,1
1417,53,16,0,16,13
1418,53,2,2,13,2
1419,84,1,0,14,1
1421,53,1,0,16,1
1422,15,9,1,11,10
1423,84,0,1,15,0
1424,53,14,0,20,12
1425,53,0,2,19,0
1426,60,0,4,16,0
1427,53,3,0,21,2
1428,108,0,4,21,1
1429,84,1,0,17,1
1430,53,11,2,19,9
1431,73,0,1,17,0
1434,53,6,4,22,5
1435,35,0,1,17,0
1436,102,1,3,20,5
1437,53,11,2,18,9
1438,53,0,2,18,0
1439,53,0,4,20,0
1440,53,0,3,14,0
1442,4,0,1,12,1
1443,35,0,3,20,0
1444,53,0,1,22,0
1446,7,6,3,16,15
1447,53,0,2,19,0
1448,84,1,2,22,1
1452,53,0,1,17,0
1453,54,0,0,21,0
1454,53,0,4,21,0
1455,53,0,3,16,0
1456,76,11,0,19,15
1458,35,0,2,21,0
1459,53,0,3,18,0
1461,53,0,2,22,0
1462,84,5,4,19,5
1463,15,4,2,19,4
1466,53,1,1,18,0
1467,53,0,3,20,0
1468,15,10,4,21,11
1469,53,16,0,14,13
1470,53,2,3,23,2
1472,99,5,0,20,10
1473,36,0,5,7,0
1474,53,0,2,19,0
1475,90,3,2,19,4
1476,90,2,2,16,2
1477,53,0,2,13,0
1479,53,0,3,0,0
1480,53,1,3,20,1
1481,53,1,3,17,0
1482,53,0,2,21,0
1483,53,0,1,15,0
1485,53,11,2,18,9
1486,53,0,3,0,0
1488,53,0,2,20,0
1489,53,0,2,21,0
1490,145,0,1,18,0
1491,90,10,3,19,14
1492,130,1,0,18,3
1493,53,0,0,17,0
1494,15,0,2,11,0
1496,18,1,1,19,2
1497,36,0,2,21,0
1498,53,1,0,18,1
1499,103,1,4,20,6
1500,36,13,0,23,11
1502,100,4,2,20,10
1503,53,0,0,20,0
1504,53,8,3,21,7
1505,53,1,0,17,0
1508,53,0,4,22,0
1511,53,0,2,1,0
1512,53,2,3,23,2
1513,15,1,2,6,1
1514,53,0,3,11,0
1515,53,0,1,18,0
1516,8,7,1,18,12
1517,53,0,4,18,0
1518,120,4,2,15,7
1520,53,3,1,19,2
1521,53,0,1,16,0
1522,54,0,3,18,0
1523,53,1,4,18,1
1524,54,0,3,4,0
1525,35,0,3,23,0
1526,84,2,2,19,3
1527,15,0,3,20,0
1528,6,0,0,13,1
1529,53,0,2,19,0
1530,15,0,3,19,0
1531,53,0,1,0,0
1532,53,1,3,10,0
1533,74,2,2,10,3
1534,53,5,1,19,4
1536,53,5,2,17,4
1537,84,5,4,18,6
1538,53,0,2,6,0
1539,90,0,1,20,0
1540,26,1,1,18,2
1541,15,3,1,16,3
1542,53,0,2,23,0
1544,35,0,2,17,0
1545,53,0,4,18,0
1546,86,4,0,18,10
1547,53,0,4,20,0
1548,53,0,4,13,0
1549,53,2,0,15,2
1550,35,0,3,23,0
1551,53,2,1,18,1
1552,53,1,4,22,1
1554,53,2,1,12,2
1555,53,0,2,18,0
1556,53,0,4,16,0
1557,28,3,0,19,9
1558,53,0,2,23,0
1559,54,0,4,18,0
1560,53,0,2,21,0
1561,53,4,3,15,3
1563,53,7,0,14,6
1564,53,0,2,20,0
1565,53,0,1,21,0
1566,53,0,3,18,0
1567,90,3,1,17,5
1568,53,0,1,17,0
1569,53,0,1,21,0
1572,15,0,2,21,0
1573,35,0,4,19,0
1575,92,3,4,20,6
1576,53,2,1,18,1
1578,53,0,2,18,0
1579,53,0,4,22,0
1581,53,0,3,21,0
1582,54,1,1,19,1
1583,53,7,4,7,6
1584,53,0,2,19,0
1585,53,1,4,19,1
1586,53,5,0,15,4
1587,84,8,1,20,9
1588,53,0,0,19,0
1589,53,12,0,21,10
1590,53,4,1,7,3
1591,53,0,1,16,0
1592,84,6,1,20,7
1593,53,8,1,21,7
1594,59,0,1,22,0
1595,99,3,0,16,6
1596,53,1,0,8,1
1597,53,0,2,19,0
1598,54,0,3,22,0
1599,53,2,4,19,2
1600,53,0,0,19,0
1601,53,1,1,5,1
1602,53,2,1,21,2
1606,87,3,3,17,7
1607,53,3,2,17,2
1608,53,0,2,22,0
1611,15,0,1,22,0
1612,53,0,2,23,0
1613,53,0,4,20,0
1614,53,0,4,12,0
1616,53,0,0,22,0
1617,117,11,2,19,12
1618,53,0,1,23,0
1619,36,0,1,22,0
1620,97,3,3,13,5
1621,53,7,0,12,5
1622,32,0,5,3,1
1623,53,5,1,20,4
1624,53,0,0,13,0
1625,53,0,2,22,0
1626,53,18,3,22,15
1627,53,0,0,18,0
1628,53,0,3,20,0
1629,4,0,3,21,0
1630,53,9,1,19,7
1631,53,0,2,20,0
1632,53,0,2,22,0
1633,15,11,1,20,12
1634,53,0,2,22,0
1635,53,0,1,22,0
1636,53,10,1,19,8
1637,36,1,4,19,1
1638,53,0,1,17,0
1639,53,0,1,21,0
1640,53,1,0,12,0
1641,9,5,4,19,10
1642,84,5,0,17,6
1643,115,3,4,17,2
1644,53,0,3,16,0
1645,35,0,2,20,0
1646,53,1,4,17,1
1647,53,1,4,23,1
1648,53,0,5,8,0
1649,53,0,2,20,0
1651,84,5,1,20,6
1652,15,10,2,16,11
1653,53,2,2,1,2
1654,53,0,2,16,0
1656,35,0,0,18,0
1657,53,3,0,18,2
1659,15,0,3,20,1
1660,53,1,4,18,1
1661,53,0,1,17,0
1662,15,5,1,21,6
1665,53,0,2,9,0
1666,84,6,3,13,7
1667,53,0,4,16,0
1668,53,3,2,19,2
1669,53,1,4,19,1
1670,90,1,1,23,1
1672,90,0,1,18,0
1673,53,0,2,17,0
1676,134,0,2,18,0
1677,53,0,4,18,0
1678,145,0,4,10,0
1680,84,11,2,20,12
1682,53,6,2,16,5
1683,53,0,3,6,0
1684,30,0,3,22,0
1685,105,10,2,19,14
1686,36,0,2,17,0
1687,53,0,4,19,0
1688,99,5,4,18,10
1689,84,7,3,18,8
1690,84,0,1,15,0
1692,90,1,1,18,1
1693,81,6,1,18,10
1694,53,2,3,21,1
1695,53,5,3,20,4
1696,53,0,0,22,0
1698,53,0,1,16,0
1699,53,5,2,13,4
1700,53,0,2,16,0
1701,15,4,4,15,5
1702,84,5,0,14,5
1703,53,6,2,8,5
1705,53,0,2,17,0
1706,15,1,2,16,1
1707,15,0,4,13,0
1708,53,0,2,16,0
1710,53,0,0,18,0
1712,53,0,3,17,0
1713,53,3,1,19,2
1714,138,3,4,19,7
1715,35,0,1,20,0
1716,112,7,4,15,12
1717,35,0,0,20,0
1719,54,0,0,9,0
1720,90,5,2,16,7
1721,53,0,3,23,0
1722,53,2,1,21,2
1724,120,6,2,18,10
1725,35,0,0,20,0
1726,84,1,1,20,1
1727,53,0,0,19,0
1728,136,1,2,19,2
1729,60,6,4,16,8
1731,53,0,2,17,0
1732,53,0,3,23,0
1733,53,6,4,20,5
1734,90,2,2,22,3
1736,53,4,5,7,3
1737,84,4,4,19,5
1738,35,1,0,16,1
1739,53,3,3,18,2
1740,15,0,0,18,0
1741,53,0,3,20,0
1742,53,2,0,18,2
1743,36,0,2,18,0
1744,60,2,2,19,2
1745,145,0,4,1,0
1747,53,0,1,14,0
1748,53,2,2,22,2
1749,53,0,0,21,0
1750,84,2,1,17,2
1751,53,0,1,21,0
1752,95,1,2,11,2
1753,53,0,4,6,0
1755,24,4,1,19,9
1756,53,2,1,18,1
1757,58,4,2,18,7
1758,64,4,2,20,8
1759,134,0,0,20,0
1762,53,0,1,11,0
1763,53,0,4,16,0
1765,53,15,2,11,12
1766,53,7,4,15,6
1767,53,1,2,6,1
1768,53,1,4,19,1
1769,53,0,2,20,0
1770,133,9,4,19,12
1773,53,0,2,21,0
1774,128,1,1,18,2
1775,15,0,4,18,0
1778,35,0,2,0,0
1779,15,8,3,17,9
1780,84,12,0,17,14
1781,84,4,0,19,4
1782,53,0,1,16,0
1783,53,9,2,11,7
1784,54,0,1,23,0
1785,145,0,2,17,0
1786,53,10,3,16,8
1787,106,4,3,15,8
1789,15,13,4,15,14
1790,53,1,0,15,1
1791,53,10,0,20,9
1793,35,0,1,19,0
1794,53,0,3,20,0
1796,90,6,1,19,9
1797,53,0,0,19,0
1798,43,12,3,14,14
1800,53,0,1,23,0
1801,53,2,1,20,1
1802,53,1,4,12,1
1803,23,6,3,21,8
1804,53,2,4,12,2
1805,53,0,1,21,0
1806,90,0,4,18,0
1807,53,0,0,23,0
1808,53,0,4,18,0
1809,53,9,2,19,7
1810,84,4,2,21,5
1811,53,0,1,0,0
1813,84,9,0,17,10
1815,53,0,1,16,0
1816,27,0,1,20,2
1817,53,0,1,19,0
1818,53,0,2,16,0
1819,53,3,0,23,3
1820,122,1,1,20,7
1821,90,3,4,19,5
1822,53,0,0,13,0
1824,36,0,1,12,0
1825,84,7,1,20,8
1827,53,7,4,20,6
1829,53,0,0,19,0
1830,60,1,1,13,2
1832,90,0,2,14,1
1833,53,0,4,18,0
1834,53,3,0,17,2
1835,53,3,1,18,2
1836,53,2,0,13,1
1837,53,0,2,18,0
1838,53,0,0,18,0
1839,23,5,0,12,7
1840,15,0,1,18,0
1841,53,6,0,19,5
1842,53,5,2,14,4
1844,84,5,0,17,6
1845,76,0,2,22,0
1846,90,0,1,21,1
1847,53,14,4,12,11
1849,90,4,4,18,6
1850,117,5,0,18,6
1851,54,0,2,5,0
1852,53,0,4,20,0
1853,53,9,0,19,7
1854,84,6,1,16,7
1855,134,1,2,16,1
1856,84,6,2,15,6
1857,53,3,1,19,2
1859,53,0,3,17,0
1861,15,4,1,16,4
1862,53,0,1,16,0
1863,53,0,1,16,0
1864,53,2,0,17,1
1865,90,2,3,22,2
1866,60,6,1,21,9
1867,77,2,0,18,6
1870,53,0,3,1,0
1871,53,1,0,22,1
1872,53,1,3,18,1
1873,54,0,4,21,1
1875,84,1,4,21,2
1876,54,3,0,22,3
1877,73,3,0,18,3
1878,53,0,4,13,0
1879,53,2,0,18,1
1880,53,4,4,20,3
1881,53,2,1,20,1
1883,53,0,1,19,0
1885,84,5,4,18,5
1886,53,0,1,17,0
1887,53,7,0,18,6
1888,145,0,2,22,0
1889,53,0,1,15,0
1890,53,0,2,1,0
1891,53,0,0,19,0
1893,35,0,2,21,0
1895,53,2,1,19,2
1896,53,0,4,6,0
1897,60,3,3,17,4
1898,84,0,0,21,1
1899,107,5,0,21,8
1902,53,0,0,18,0
1904,53,13,3,15,11
1905,53,0,0,21,0
1906,53,0,3,1,0
1907,66,5,4,12,10
1908,84,6,4,16,6
1909,53,0,3,0,0
1910,53,0,1,17,0
1911,53,0,1,21,0
1912,84,0,2,21,0
1913,53,0,4,20,0
1914,53,0,3,19,0
1917,35,0,4,17,0
1919,90,1,1,20,2
1920,53,0,3,19,0
1921,53,3,3,16,3
1922,53,14,0,18,12
1923,53,2,2,5,1
1925,53,0,0,21,0
1926,53,0,3,18,0
1927,53,0,4,19,0
1928,53,3,1,21,2
1929,15,4,3,21,4
1930,53,0,2,21,0
1931,54,0,2,21,0
1932,15,1,3,17,1
1933,73,0,0,20,0
1934,53,7,0,16,6
1935,66,3,4,17,5
1936,26,1,1,18,2
1937,53,9,3,17,7
1938,53,4,1,12,3
1939,15,3,0,19,3
1940,53,3,2,20,2
1941,53,0,3,18,0
1942,53,0,1,19,0
1943,82,5,0,19,15
1944,84,1,4,18,2
1945,15,0,1,16,0
1946,53,7,4,21,6
1947,15,5,2,1,6
1948,26,2,4,11,3
1949,36,0,4,20,0
1950,53,2,0,20,2
1951,53,0,2,16,0
1952,53,2,0,23,2
1953,73,0,1,17,0
1954,53,1,1,21,1
1955,53,2,0,21,1
1956,73,4,1,18,4
1957,150,7,4,14,6
1958,15,0,4,21,0
1959,53,0,2,16,0
1960,84,2,1,16,2
1962,53,0,3,17,0
1963,53,0,1,19,0
1964,60,3,1,11,4
1965,134,2,0,15,3
1966,53,1,4,19,1
1967,54,0,0,20,0
1968,53,0,4,15,0
1969,53,0,1,19,0
1970,53,0,1,6,0
1971,53,2,3,19,1
1972,53,11,1,19,10
1973,134,4,2,19,4
1974,53,0,2,10,0
1976,53,0,4,14,0
1977,53,0,0,19,0
1979,84,2,3,16,3
1981,15,6,2,4,7
1982,53,10,0,19,8
1983,53,6,4,19,5
1984,35,8,4,10,4
1985,53,4,0,16,3
1986,53,5,1,20,4
1988,53,5,2,20,4
1989,4,0,4,23,0
1990,53,5,2,14,4
1991,53,0,0,18,0
1992,53,1,0,19,0
1993,53,3,0,21,2
1994,35,0,0,20,0
1995,84,11,1,19,12
1996,53,1,1,16,1
1997,53,0,3,16,0
1998,84,6,3,22,7
1999,54,0,3,16,0
2000,35,0,0,20,0
2001,90,9,3,8,13
2002,53,7,0,17,6
2003,66,2,0,19,4
2004,54,4,4,14,4
2005,53,8,0,23,6
2006,53,0,3,1,0
2008,53,0,4,19,0
2009,53,0,3,18,0
2010,67,2,3,19,6
2011,15,0,0,18,0
2012,53,0,3,21,0
2014,84,7,0,18,7
2015,53,0,2,16,0
2016,53,0,3,12,0
2017,53,3,3,18,2
2018,90,0,0,16,0
2019,90,0,4,19,1
2020,53,2,0,19,2
2023,36,0,5,2,0
2024,84,6,4,19,7
2025,54,1,0,19,1
2026,53,2,1,21,2
2027,84,6,0,21,6
2028,53,0,5,1,0
2029,53,14,0,22,12
2030,53,0,3,20,0
2031,53,9,2,15,7
2032,53,3,3,13,3
2033,117,8,0,18,9
2034,53,0,0,19,0
2036,84,8,2,14,9
2038,53,0,1,13,0
2039,53,7,1,14,6
2040,84,3,3,19,4
2041,84,5,2,18,5
2042,53,0,1,16,0
2043,53,1,1,19,1
2044,35,0,1,1,0
2045,53,0,2,14,0
2046,53,0,1,13,0
2047,53,0,1,21,0
2048,90,7,0,20,10
2049,35,0,3,10,0
2051,120,0,0,19,0
2052,53,0,3,18,0
2053,140,3,0,21,8
2054,60,4,1,15,6
2055,134,4,1,21,4
2056,53,5,2,19,4
2057,53,11,0,18,9
2058,53,9,2,19,7
2060,53,0,4,12,0
2061,53,0,0,16,0
2063,53,2,1,20,1
2064,53,0,1,17,0
2065,53,4,0,18,3
2066,35,0,2,15,0
2067,90,6,2,21,9
2069,53,4,3,22,3
2070,84,9,1,20,10
2071,97,9,0,18,16
2072,134,0,2,0,0
2073,84,5,4,19,6
2074,53,0,3,19,0
2075,53,0,3,18,0
2076,53,0,4,18,0
2077,53,0,2,20,0
2078,117,1,1,20,2
2079,123,4,4,4,4
2080,73,12,3,20,13
2082,94,2,2,18,7
2084,53,0,0,21,0
2085,54,0,1,9,0
2086,15,1,0,16,1
2087,97,5,2,19,9
2088,43,12,3,14,14
2089,15,4,1,19,5
2090,150,13,0,13,11
2091,84,11,0,18,12
2094,53,0,0,18,0
2095,53,0,1,16,0
2096,53,4,0,20,3
2097,53,8,4,18,7
2098,114,5,4,10,10
2099,53,0,3,20,0
2100,53,0,2,12,0
2101,53,0,2,7,0
2102,26,1,0,16,1
2106,134,0,4,22,0
2107,15,0,4,21,0
2109,36,0,1,17,0
2110,15,0,2,17,0
2111,73,1,1,20,2
2113,54,0,1,14,0
2114,43,12,2,21,14
2115,53,15,0,19,13
2116,53,0,2,21,0
2118,53,14,2,12,12
2119,90,8,1,19,11
2120,73,4,4,17,5
2122,53,0,0,15,0
2124,35,0,2,17,0
2127,53,2,2,18,2
2128,54,0,1,19,1
2129,84,7,2,20,8
2130,53,0,1,0,0
2131,53,4,5,8,4
2132,90,6,4,12,9
2133,53,0,4,21,0
2135,84,8,2,13,9
2136,15,2,4,20,2
2137,134,0,0,23,0
2138,53,2,2,15,2
2139,51,9,2,18,15
2140,53,1,4,18,1
2144,53,2,2,8,1
2145,99,3,0,18,6
2146,53,0,1,15,0
2147,90,2,2,16,3
2148,54,1,1,1,1
2149,60,1,0,13,2
2150,53,3,3,20,2
2151,53,0,2,17,0
2153,134,3,2,16,4
2154,36,1,0,16,1
2155,53,2,2,19,1
2158,53,0,0,19,0
2159,127,0,1,18,0
2160,53,0,3,20,0
2161,15,1,0,19,2
2162,124,0,0,18,0
2164,53,0,1,8,0
2165,53,0,1,21,0
2166,53,4,4,14,3
2167,53,11,1,22,9
2169,53,0,1,8,0
2170,84,4,1,20,4
2171,53,2,2,19,1
2173,90,6,0,20,9
2174,53,3,4,18,2
2175,53,12,4,15,10
2178,35,0,2,22,0
2179,53,9,1,18,7
2180,53,0,2,21,0
2181,53,0,0,17,0
2182,53,0,4,16,0
2184,66,3,1,14,6
2185,53,0,3,18,0
2186,53,0,2,1,0
2187,53,5,3,16,4
2188,53,0,2,16,0
2189,53,0,2,19,0
2190,53,0,1,16,0
2192,53,0,4,18,0
2193,53,2,1,21,1
2194,35,0,4,18,0
2195,53,5,4,21,4
2196,53,2,0,14,2
2198,53,1,1,20,0
2199,90,0,1,20,0
2200,53,2,2,20,1
2202,53,1,4,17,0
2204,53,0,0,17,0
2205,53,2,2,23,1
2206,4,6,4,18,8
2207,90,3,2,0,5
2208,53,10,3,19,9
2209,90,5,4,18,7
2212,35,0,1,16,0
2213,90,2,4,13,3
2214,53,1,4,18,1
2216,84,6,3,9,6
2217,84,2,1,18,2
2218,53,0,2,20,0
2220,53,0,3,20,0
2221,60,8,0,15,11
2222,53,3,4,18,2
2223,53,4,3,20,3
2224,53,0,0,19,0
2225,15,0,2,17,0
2226,53,0,1,21,0
2227,36,4,0,22,3
2230,53,6,0,15,5
2231,60,0,0,19,0
2233,53,3,4,18,2
2234,53,1,0,18,1
2235,53,1,4,16,1
2237,36,0,0,16,0
2238,36,2,2,18,1
2240,53,0,2,15,0
2241,84,4,1,22,5
2242,53,1,0,23,1
2243,53,5,4,12,4
2244,84,12,3,20,13
2246,53,0,3,17,0
2247,53,0,2,20,0
2248,54,2,2,14,2
2249,138,0,4,17,1
2250,115,13,0,19,11
2251,53,3,4,18,2
2252,53,0,0,21,0
2254,53,0,2,23,0
2255,53,2,4,13,1
2256,35,0,2,16,0
2257,53,10,0,14,8
2258,53,2,4,10,2
2259,134,0,2,22,0
2260,53,0,2,20,0
2261,53,0,5,0,0
2262,53,0,3,20,0
2263,15,0,1,15,0
2264,53,0,3,16,0
2265,4,4,2,21,6
2266,53,0,3,21,0
2269,90,4,3,19,6
2270,35,0,0,21,0
2271,90,0,3,17,0
2272,15,0,0,19,1
2273,53,1,0,20,1
2274,53,14,3,19,12
2275,53,0,0,22,0
2276,35,0,2,20,0
2277,53,0,0,18,0
2278,12,0,2,22,0
2280,53,0,4,18,0
2281,2,2,1,19,4
2282,53,15,2,16,13
2283,53,0,2,19,0
2284,15,0,3,21,0
2286,53,0,2,13,0
2287,97,1,0,18,2
2288,73,5,0,19,6
2289,53,13,0,13,11
2291,53,0,4,14,0
2292,90,10,3,9,14
2293,54,0,1,22,0
2294,84,6,3,19,7
2295,99,3,1,16,6
2296,53,0,1,17,0
2297,134,4,2,13,4
2298,53,1,0,20,1
2299,53,12,3,18,10
2301,60,8,0,19,12
2303,53,3,2,15,2
2304,97,7,3,17,12
2305,53,0,3,22,0
2306,84,8,0,20,8
2307,53,3,1,19,2
2309,15,1,1,21,2
2310,90,8,1,15,11
2311,90,1,1,17,2
2312,53,2,3,6,2
2313,53,0,3,21,0
2314,53,0,1,13,0
2316,15,0,1,18,0
2317,53,2,0,12,1
2318,112,3,1,20,5
2319,90,6,4,21,9
2320,53,0,3,16,0
2321,53,1,0,14,1
2323,53,0,1,1,0
2324,53,7,0,17,6
2325,53,0,0,18,0
2326,84,6,2,20,7
2327,73,2,1,21,2
2329,53,6,3,20,5
2331,26,0,1,9,0
2332,53,3,2,21,3
2333,76,0,1,17,1
2334,53,10,0,18,8
2336,43,7,1,14,8
2337,26,3,3,20,6
2338,66,6,3,20,12
2339,53,14,2,17,11
2340,53,0,0,19,0
2341,113,5,3,20,10
2342,105,7,0,20,9
2343,53,0,0,16,0
2344,53,0,0,14,0
2345,8,4,2,20,7
2347,35,0,3,20,0
2349,60,6,0,16,9
2350,60,4,2,11,6
2351,35,0,0,22,0
2352,53,5,0,14,4
2353,53,0,1,16,0
2354,15,6,2,7,7
2355,53,11,2,19,9
2357,35,0,3,1,0
2358,53,6,4,22,5
2359,53,0,1,18,0
2360,15,5,0,20,6
2361,90,0,1,20,0
2363,53,0,4,22,0
2364,53,0,2,17,0
2365,53,0,0,18,0
2366,84,7,1,17,8
2367,53,17,0,18,14
2369,53,6,4,6,5
2370,53,10,0,20,8
2371,53,0,3,18,0
2372,53,0,1,19,0
2373,26,0,0,14,0
2374,53,0,0,22,0
2376,53,5,4,18,4
2377,53,8,4,22,7
2378,53,8,2,18,6
2379,90,0,4,18,0
2380,90,5,1,19,7
2382,43,8,1,10,9
2383,53,8,4,20,7
2384,63,3,3,17,8
2385,53,0,3,21,0
2386,53,2,2,19,2
2387,147,0,0,20,1
2388,53,9,0,18,7
2389,134,0,1,21,0
2390,53,10,0,22,8
2392,53,9,0,14,7
2393,53,0,2,23,0
2394,53,9,4,1,7
2395,53,1,0,22,1
2396,53,0,0,21,0
2397,53,0,0,19,0
2400,150,0,2,19,0
2401,53,0,1,14,0
2402,15,0,2,14,0
2403,53,7,0,20,6
2404,145,0,3,21,0
2405,53,14,4,20,11
2406,35,0,0,19,0
2407,87,6,0,19,13
2408,53,0,1,0,0
2409,36,0,1,0,0
2410,53,4,1,14,3
2411,60,3,0,20,4
2412,53,0,0,20,0
2413,53,2,1,7,1
2414,90,0,4,15,0
2415,53,3,0,23,3
2416,53,0,1,15,0
2418,139,7,2,22,11
2419,84,2,2,17,3
2420,53,5,1,17,4
2421,53,0,2,20,0
2422,53,0,3,1,0
2423,53,5,0,18,4
2424,69,3,1,21,3
2425,60,10,0,17,13
2426,84,6,3,16,7
2427,53,4,4,19,3
2428,53,0,3,17,0
2429,85,1,3,19,2
2430,53,10,4,16,8
2431,53,0,1,19,0
2433,35,0,2,20,0
2434,53,3,3,23,2
2435,90,2,2,20,3
2437,53,0,0,17,0
2438,53,2,2,7,2
2439,90,5,1,19,7
2440,53,1,0,16,1
2441,15,4,1,5,4
2442,90,5,1,20,7
2443,90,11,0,19,16
2444,53,0,2,22,0
2445,134,0,2,18,0
2446,53,2,1,20,1
2449,53,1,0,13,1
2450,53,0,1,17,0
2453,53,2,0,17,2
2454,84,5,0,18,5
2455,84,12,0,18,13
2456,53,0,3,20,0
2457,53,17,1,21,14
2459,53,5,0,22,4
2460,53,0,2,20,0
2461,53,0,1,12,0
2462,54,0,1,20,0
2463,68,6,2,13,9
2464,134,0,1,14,0
2467,90,1,2,17,2
2468,90,3,3,21,4
2469,53,1,0,18,1
2470,90,0,2,17,0
2471,90,1,2,16,1
2472,53,0,0,15,0
2474,53,1,1,22,1
2475,43,13,4,17,14
2477,53,2,2,21,2
2478,53,0,1,22,0
2479,35,0,0,17,0
2480,53,0,3,16,0
2482,53,0,1,22,0
2483,60,4,2,15,6
2484,53,2,2,23,2
2485,53,6,3,18,5
2486,66,0,3,17,1
2487,53,4,0,19,3
2488,73,1,1,18,2
2489,53,1,0,18,1
2491,53,2,3,19,1
2493,53,2,1,17,2
2494,53,0,2,19,0
2495,53,2,2,18,1
2496,53,0,4,19,0
2497,53,0,3,17,0
2500,90,7,3,16,10
2501,15,1,0,19,1
2502,53,9,1,21,7
2503,53,0,1,7,0
2504,84,11,0,18,13
2505,30,3,4,12,8
2506,23,8,1,20,11
2507,53,0,1,19,0
2509,35,0,3,11,0
2510,53,2,1,18,1
2511,53,3,3,18,2
2513,53,4,3,19,3
2515,53,0,1,13,0
2516,53,0,3,0,0
2517,54,4,2,16,4
2518,84,5,5,5,6
2519,90,1,3,20,1
2520,90,4,0,19,6
2521,53,2,3,19,2
2523,12,1,1,21,1
2524,15,9,3,7,10
2525,3,0,2,4,0
2526,105,3,0,20,5
2527,15,4,4,11,5
2528,53,0,0,18,0
2529,53,1,0,18,0
2531,53,0,4,19,0
2532,53,6,1,16,5
2533,53,0,1,17,0
2534,53,2,1,19,2
2535,53,0,1,19,0
2536,53,3,2,10,2
2537,53,1,3,21,1
2538,80,7,0,12,10
2539,53,7,4,17,6
2540,53,0,0,20,0
2542,53,0,2,13,0
2543,53,10,4,19,8
2544,128,3,4,18,5
2545,53,0,0,18,0
2546,53,0,1,21,0
2547,53,0,1,0,0
2548,53,0,3,14,0
2549,53,0,3,19,0
2551,53,1,1,22,1
2552,53,1,0,12,1
2553,26,0,0,19,0
2554,53,1,3,23,1
2556,53,0,2,21,0
2557,53,0,0,21,0
2559,15,1,1,21,1
2560,91,5,2,21,9
2561,53,0,2,17,0
2562,128,1,5,11,1
2563,53,0,3,8,0
2564,53,0,4,16,0
2565,53,0,2,21,0
2566,53,0,0,17,0
2567,92,4,4,19,7
2568,53,0,2,17,0
2570,53,0,3,20,0
2572,46,8,3,18,15
2573,53,0,3,19,0
2574,15,1,3,17,1
2575,84,4,0,13,5
2576,84,9,0,17,10
2578,15,4,0,21,5
2579,35,0,3,18,0
2580,53,0,0,15,0
2582,53,0,2,23,0
2583,26,5,0,12,9
2584,90,2,1,20,3
2586,53,0,2,21,0
2587,53,0,3,15,0
2588,53,0,3,18,0
2589,90,4,0,20,6
2590,134,0,4,18,0
2592,53,0,3,21,0
2594,15,0,1,18,0
2595,53,0,1,20,0
2597,118,0,2,20,0
2600,53,0,0,18,0
2601,53,0,2,22,0
2602,53,0,2,0,0
2603,53,7,0,17,6
2604,53,7,1,19,6
2605,117,10,3,12,12
2606,84,6,4,15,7
2607,53,15,1,17,13
2608,53,0,1,14,0
2609,84,6,3,18,6
2610,81,1,2,21,2
2612,84,3,0,18,4
2615,53,3,2,13,3
2617,53,12,4,18,10
2618,53,0,0,22,0
2619,90,1,2,13,2
2621,84,13,3,20,14
2623,97,7,0,17,12
2624,15,6,2,21,6
2626,53,0,2,20,0
2627,53,0,2,19,0
2628,84,4,0,17,4
2629,53,0,3,19,0
2630,53,0,1,17,0
2632,53,0,4,20,0
2633,91,2,3,20,4
2634,53,0,4,20,0
2635,53,0,1,19,0
2636,15,11,4,17,13
2637,53,0,1,18,0
2638,43,2,1,17,3
2639,53,12,2,17,10
2640,53,5,2,18,4
2641,84,11,0,19,13
2642,35,0,0,19,0
2644,145,0,3,23,0
2645,15,1,0,18,1
2646,53,0,4,18,0
2647,53,0,3,18,0
2648,53,0,0,18,0
2649,4,0,2,16,0
2650,134,1,4,21,1
2651,53,0,0,17,0
2652,53,0,3,13,0
2653,53,9,2,18,7
2654,53,0,2,13,0
2655,90,3,2,19,4
2656,53,0,1,18,0
2657,53,3,2,14,2
2658,60,0,3,12,0
2660,53,5,2,20,4
2661,37,0,2,19,0
2662,53,13,1,6,11
2663,53,0,4,18,0
2664,53,7,1,19,6
2669,61,4,4,13,7
2670,53,0,2,23,0
2671,53,1,1,16,1
2672,53,0,4,8,0
2673,53,0,1,21,0
2675,53,3,0,18,3
2677,35,0,0,16,0
2678,90,1,3,15,2
2679,53,8,2,19,6
2680,53,17,0,18,14
2682,53,0,4,21,0
2683,53,0,1,12,0
2684,4,0,4,20,0
2685,53,0,4,19,0
2687,53,0,1,6,0
2688,84,11,0,19,13
2689,53,0,4,13,0
2690,53,9,2,10,7
2691,84,1,0,16,2
2692,53,0,4,20,0
2693,53,0,1,21,0
2694,53,0,2,16,0
2695,145,0,2,21,0
2696,53,0,3,17,0
2697,53,2,2,6,2
2698,53,0,2,20,0
2699,54,0,2,20,0
2701,53,0,1,19,0
2702,53,0,0,23,0
2703,53,7,2,7,5
2704,53,3,2,23,2
2705,53,0,3,18,0
2706,53,0,4,15,0
2707,15,0,0,23,1
2708,53,2,2,16,1
2709,90,1,0,20,2
2710,107,4,1,20,7
2711,53,3,1,12,2
2712,53,17,0,16,14
2713,84,5,0,17,6
2714,53,8,0,16,6
2715,53,0,2,18,0
2717,53,0,4,0,0
2718,53,0,3,18,0
2719,84,3,0,19,3
2722,106,1,2,17,2
2723,60,0,2,18,0
2724,84,1,2,21,2
2725,90,0,1,16,0
2726,90,1,1,16,2
2727,90,7,4,16,11
2728,53,0,2,18,0
2729,84,0,0,18,0
2730,53,0,1,13,0
2731,53,0,0,17,0
2732,53,12,3,17,10
2733,53,0,2,20,0
2735,84,5,0,18,5
2736,90,1,1,21,1
2737,53,0,4,20,0
2738,54,4,4,5,4
2739,84,6,0,22,7
2740,35,0,3,20,0
2742,73,9,0,23,11
2743,60,5,1,15,7
2744,90,5,4,17,7
2745,137,4,2,18,7
2746,53,2,0,22,2
2747,84,3,4,10,3
2748,53,2,1,19,2
2749,84,5,2,15,5
2750,53,0,3,18,0
2751,90,3,4,10,4
2752,35,0,1,23,0
2753,150,4,1,19,3
2754,53,0,1,17,0
2755,53,0,3,16,0
2756,53,0,2,17,0
2757,53,5,2,14,4
2758,84,8,0,6,8
2759,53,5,2,19,4
2760,35,0,3,18,0
2761,53,0,2,22,0
2762,53,5,2,19,4
2763,36,0,1,23,0
2764,85,5,2,20,7
2766,53,1,4,14,0
2767,15,2,2,10,3
2768,53,0,0,17,0
2769,53,0,2,19,0
2771,53,2,0,13,1
2772,53,2,0,21,2
2773,53,2,0,20,2
2775,12,0,3,18,0
2778,15,1,3,22,1
2779,53,11,2,18,9
2780,35,0,1,0,0
2781,53,0,2,15,0
2782,73,13,4,21,14
2783,15,2,3,21,2
2784,53,5,1,22,4
2785,53,2,3,17,2
2786,54,0,2,22,0
2787,53,0,1,21,0
2789,53,0,1,21,0
2790,53,14,1,18,12
2791,53,9,3,14,8
2792,54,0,2,21,0
2793,53,4,0,19,3
2794,84,6,4,13,6
2795,84,5,3,12,6
2796,53,2,2,22,2
2798,15,9,2,19,10
2799,53,5,2,19,4
2800,53,1,4,21,1
2801,90,2,1,20,3
2802,53,0,1,19,0
2803,53,1,0,18,1
2804,53,19,0,11,16
2805,132,0,4,20,0
2806,134,0,1,23,0
2807,53,0,0,23,0
2808,105,7,3,20,10
2809,53,0,0,17,0
2810,16,0,3,18,0
2811,53,0,0,21,0
2812,117,6,0,12,7
2813,53,2,4,12,2
2815,53,0,1,21,0
2816,43,1,4,23,1
2817,53,6,1,14,5
2818,134,3,1,16,3
2819,141,8,0,17,15
2820,53,2,2,13,1
2821,53,3,1,19,2
2822,53,0,1,16,0
2823,53,2,1,14,1
2824,53,11,3,13,9
2825,15,6,1,17,7
2827,53,14,0,20,12
2828,95,1,2,12,2
2829,53,0,4,19,0
2830,53,0,0,20,0
2831,53,0,2,1,0
2832,53,0,3,6,0
2833,84,3,0,21,3
2835,90,1,2,14,2
2836,53,0,3,22,0
2837,53,1,0,13,1
2838,107,4,0,17,7
2840,53,0,0,18,0
2841,54,4,3,21,4
2842,53,6,1,15,5
2843,53,1,5,0,1
2844,53,0,0,23,0
2845,130,2,2,18,5
2846,84,1,3,13,1
2847,53,0,3,18,0
2850,53,0,5,1,0
2852,35,1,2,1,0
2853,8,4,0,19,7
2854,53,0,4,16,0
2855,53,0,3,6,0
2856,53,0,3,0,0
2857,53,6,1,16,5
2858,90,0,2,16,0
2859,53,1,0,12,1
2861,90,4,2,20,6
2862,53,0,3,22,0
2863,11,9,3,15,15
2864,53,6,0,14,5
2865,53,0,4,19,0
2867,107,5,1,20,9
2868,35,0,3,19,0
2869,90,6,0,21,9
2870,53,2,4,22,2
2871,53,8,2,18,7
2872,53,17,1,22,14
2874,53,0,3,21,0
2875,84,14,1,18,15
2876,53,0,2,19,0
2877,90,4,3,18,5
2878,53,0,3,21,0
2879,53,0,0,13,0
2880,53,1,3,21,1
2882,53,1,0,19,1
2883,53,0,3,19,0
2884,53,0,2,20,0
2885,53,3,0,21,2
2886,53,0,2,20,0
2887,105,10,3,19,14
2888,53,9,4,16,7
2889,53,0,2,0,0
2890,53,6,3,16,5
2892,53,15,4,21,12
2893,53,0,2,18,0
2894,90,4,2,23,6
2895,53,0,0,16,0
2896,53,3,3,18,2
2898,60,2,3,19,3
2899,53,1,0,17,1
2900,53,0,0,21,0
2901,53,0,4,12,0
2902,53,5,4,21,4
2903,53,0,3,22,0
2904,85,4,4,15,6
2906,53,0,4,17,0
2907,53,2,1,12,2
2908,53,0,0,16,0
2909,131,0,3,16,1
2911,53,3,1,20,3
2912,35,0,1,18,0
2913,53,0,2,7,0
2914,35,0,1,21,0
2915,15,8,1,9,9
2916,53,10,0,16,8
2917,54,0,2,1,0
2919,35,0,4,0,0
2920,71,14,4,20,19
2921,91,1,3,18,2
2922,53,0,3,22,0
2923,53,0,0,21,0
2924,15,0,2,21,0
2925,26,6,1,11,10
2926,53,0,4,19,0
2927,66,1,2,11,3
2928,134,0,3,17,0
2929,53,2,0,14,2
2930,53,0,0,17,0
2933,53,1,3,15,1
2935,53,0,1,20,0
2936,92,2,2,16,4
2937,40,5,0,19,7
2938,53,2,2,19,2
2939,53,0,4,21,0
2940,53,12,2,18,10
2941,53,2,1,19,2
2942,53,0,4,17,0
2943,15,5,1,0,5
2944,90,6,1,18,9
2945,115,0,1,20,0
2946,84,2,3,13,2
2947,36,0,4,23,0
2948,53,3,3,14,2
2950,53,0,3,21,0
2951,90,0,2,21,0
2952,84,2,3,10,2
2953,53,0,1,22,0
2954,53,0,3,19,0
2955,134,0,1,19,0
2957,53,0,3,21,0
2958,53,2,2,19,1
2959,53,14,0,19,11
2960,53,0,3,17,0
2961,53,9,1,11,7
2963,53,0,1,20,0
2965,54,6,3,5,7
2967,84,0,3,6,0
2969,53,0,0,15,0
2972,15,0,2,18,0
2973,53,0,2,20,0
2974,53,0,2,19,0
2976,53,13,3,14,11
2977,53,0,3,16,0
2978,84,1,0,18,1
2979,53,2,2,1,2
2980,53,0,1,19,0
2982,36,2,3,6,1
2983,53,0,2,16,0
2985,72,6,0,16,9
2986,53,0,3,16,0
2987,53,1,0,13,0
2989,53,0,1,20,0
2990,53,3,1,20,3
2991,53,0,3,15,0
2993,90,0,4,10,1
2994,35,0,2,3,0
2995,53,0,3,17,0
2996,53,1,0,16,1
2997,53,0,1,19,0
2998,53,9,2,13,8
2999,53,0,0,16,0
3000,53,0,1,19,0
3001,15,13,1,13,14
3002,53,0,3,20,0
3003,53,0,4,18,0
3004,16,9,4,22,13
3005,53,7,0,20,6
3006,53,8,1,21,6
3007,36,0,1,15,0
3011,152,6,5,9,7
3012,90,2,0,18,3
3014,36,0,3,16,0
3017,53,0,1,19,0
3018,84,4,1,19,5
3019,53,0,0,17,0
3020,53,0,4,15,0
3022,150,6,0,19,5
3023,53,4,0,14,3
3024,35,0,0,15,0
3025,53,3,4,20,3
3026,35,3,3,11,2
3027,53,15,0,11,12
3028,81,3,3,19,5
3029,53,0,4,22,0
3030,90,1,3,22,2
3031,127,2,1,16,3
3032,53,0,2,20,0
3033,15,5,1,16,5
3036,60,5,4,19,7
3039,53,3,0,21,2
3040,54,3,0,22,3
3041,53,9,3,12,7
3042,53,2,0,18,2
3045,53,0,3,13,0
3047,53,0,2,18,0
3048,54,0,3,17,1
3049,92,3,0,22,7
3050,26,1,2,18,2
3051,90,1,2,17,2
3052,53,10,0,20,8
3053,38,6,1,20,7
3054,76,0,1,21,0
3055,90,2,4,21,2
3057,53,3,4,17,2
3060,53,1,4,17,1
3062,54,0,4,19,0
3063,53,0,3,18,0
3064,53,1,4,21,1
3065,53,0,2,18,0
3066,53,7,1,6,6
3067,84,2,2,11,3
3068,53,1,0,21,1
3069,53,0,1,20,0
3070,53,8,3,13,7
3071,41,9,4,16,13
3072,53,0,2,20,0
3074,53,3,1,20,2
3075,53,0,3,20,0
3076,13,4,4,16,7
3079,126,0,0,19,1
3080,53,0,4,23,0
3081,144,0,4,14,0
3083,84,6,1,22,7
3084,15,0,1,20,0
3085,53,1,0,12,0
3086,53,0,0,22,0
3087,53,2,0,14,2
3088,26,4,3,20,7
3089,84,3,0,17,3
3090,53,0,3,18,0
3091,54,1,0,18,2
3092,53,0,1,21,0
3093,53,0,0,20,0
3094,53,5,4,21,5
3095,53,0,3,21,0
3096,53,11,0,18,9
3097,35,2,2,10,1
3098,53,0,3,17,0
3099,84,4,0,19,5
3100,90,9,2,18,12
3101,53,0,4,21,0
3102,84,0,4,21,0
3104,53,2,1,16,2
3105,84,2,0,16,3
3106,54,5,0,18,6
3107,53,0,1,18,0
3108,35,0,2,1,0
3109,53,0,1,19,0
3110,84,9,2,18,10
3111,53,2,2,19,1
3114,81,2,1,17,3
3115,84,13,3,20,15
3116,53,0,3,15,0
3117,53,0,2,23,0
3119,4,0,0,16,0
3120,53,0,3,7,0
3122,84,2,3,19,2
3123,53,1,0,13,1
3124,53,0,1,20,0
3125,53,1,0,18,1
3127,53,7,2,6,5
3129,53,9,2,20,7
3130,15,11,1,13,12
3131,90,0,0,20,0
3132,53,0,1,17,0
3133,53,1,0,19,1
3134,53,1,0,19,1
3135,43,13,0,19,15
3136,53,1,4,8,1
3137,3,3,2,21,3
3138,90,6,4,20,8
3140,53,0,1,23,0
3141,54,4,1,18,5
3143,84,1,3,16,2
3144,53,0,3,0,0
3146,53,0,0,12,0
3147,53,10,2,12,9
3149,53,0,1,22,0
3150,139,7,2,22,12
3151,53,18,3,18,15
3152,90,3,4,18,4
3153,90,1,3,14,2
3154,53,3,0,12,2
3155,54,0,2,18,0
3156,151,5,0,10,7
3157,84,1,0,21,1
3158,53,0,3,19,0
3159,149,1,1,17,1
3160,53,0,2,18,0
3161,53,1,4,17,1
3162,35,2,0,19,1
3163,66,0,1,19,0
3164,53,8,1,16,7
3165,35,0,4,1,0
3166,53,0,2,8,0
3167,53,0,3,16,0
3168,53,15,2,12,12
3169,53,0,1,21,0
3170,90,4,0,22,6
3171,53,0,0,17,0
3173,53,0,1,22,0
3174,53,0,1,18,0
3175,84,5,2,10,5
3177,53,0,2,20,0
3178,35,0,1,17,0
3179,53,8,0,19,6
3180,53,0,3,20,0
3181,53,5,2,19,4
3182,84,5,0,20,6
3183,84,7,0,20,8
3185,43,0,1,10,0
3187,16,0,4,20,1
3188,53,6,2,15,5
3189,53,2,4,18,1
3190,53,0,0,16,0
3191,31,9,2,19,15
3193,53,0,1,20,0
3194,22,0,4,12,0
3195,53,2,2,17,2
3196,139,7,2,19,12
3197,15,0,3,13,0
3198,53,6,1,6,5
3199,53,5,3,19,4
3200,15,0,2,5,0
3201,84,3,1,15,4
3202,53,0,2,19,0
3203,53,3,2,20,3
3204,53,1,0,8,1
3205,53,0,2,21,0
3206,53,1,0,12,1
3207,36,0,0,20,0
3208,53,0,2,18,0
3209,53,0,1,23,0
3210,53,0,1,15,0
3211,84,13,0,18,15
3213,53,11,1,12,9
3214,43,11,2,18,13
3215,53,15,1,19,12
3216,53,0,1,20,0
3217,15,9,4,21,10
3218,53,0,3,19,0
3219,53,6,3,19,5
3220,53,18,2,16,15
3221,53,0,3,18,0
3223,43,6,5,10,7
3224,16,0,5,8,0
3225,53,7,4,8,6
3227,53,0,1,13,0
3228,15,8,1,21,9
3230,53,0,2,17,0
3232,53,0,2,19,0
3234,90,10,0,21,14
3235,15,0,2,22,0
3236,53,0,0,19,0
3237,53,0,4,19,0
3238,90,8,1,19,12
3240,53,1,0,20,0
3241,53,0,1,14,0
3242,35,0,2,22,0
3243,53,0,2,19,0
3244,134,8,3,21,9
3245,53,3,4,19,2
3246,53,4,0,19,3
3247,53,0,2,18,0
3248,54,4,0,16,4
3249,49,6,0,17,12
3250,107,6,4,11,10
3252,90,1,2,22,2
3255,53,9,4,14,7
3256,26,3,0,14,5
3257,84,1,4,20,2
3258,35,0,4,1,0
3259,53,2,2,19,1
3260,53,0,3,19,0
3261,53,0,0,17,0
3263,53,3,2,16,2
3264,84,8,3,15,9
3265,53,1,3,20,1
3266,53,0,1,22,0
3267,53,2,0,20,1
3268,53,0,0,23,0
3269,53,0,3,22,0
3270,90,0,4,19,1
3271,52,13,0,11,15
3272,53,1,2,8,1
3274,26,2,1,17,4
3275,54,0,2,18,0
3277,53,0,3,8,0
3278,90,0,2,19,0
3279,90,5,3,16,7
3280,53,1,0,18,1
3281,53,0,2,16,0
3282,54,0,0,19,0
3283,53,6,2,20,5
3284,53,0,4,17,0
3285,53,4,0,18,3
3286,53,8,0,11,6
3287,99,5,0,18,9
3288,85,4,0,17,6
3290,53,0,4,21,0
3291,145,0,3,12,0
3292,90,0,0,20,0
3293,36,0,1,19,0
3295,90,2,5,0,3
3296,15,6,0,12,7
3297,12,2,0,18,2
3298,53,0,3,14,0
3299,53,0,0,19,0
3300,53,0,2,17,0
3301,53,4,0,16,3
3302,15,0,4,19,0
3303,84,11,3,20,12
3304,90,6,2,19,9
3305,53,13,1,12,11
3306,53,0,2,22,0
3307,84,6,0,15,6
3308,84,5,5,5,5
3309,54,5,4,16,6
3310,53,3,2,13,3
3311,53,4,0,21,3
3312,53,0,0,21,0
3313,53,5,2,20,4
3316,60,0,3,19,0
3317,53,0,4,19,0
3318,84,14,4,14,16
3319,53,13,1,7,11
3320,53,0,3,18,0
3321,53,6,1,8,5
3322,90,1,3,19,1
3325,46,5,2,17,9
3326,58,0,4,13,1
3327,53,0,4,20,0
3328,53,0,2,7,0
3329,53,2,1,19,1
3330,53,0,3,19,0
3332,53,7,0,12,6
3333,73,4,0,19,5
3335,84,2,3,17,2
3337,53,14,4,15,11
3339,53,0,2,21,0
3340,53,0,2,21,0
3341,53,4,0,18,3
3342,84,0,4,20,1
3343,145,3,2,23,1
3345,15,0,2,9,0
3346,26,1,3,18,2
3347,36,0,0,20,0
3348,97,5,1,20,9
3350,53,0,0,17,0
3352,53,8,2,19,7
3353,53,2,4,22,2
3354,117,9,2,21,10
3355,53,0,1,20,0
3356,53,0,1,7,0
3359,15,0,2,10,0
3361,53,2,3,20,2
3363,53,0,0,22,0
3364,123,0,3,16,0
3365,53,0,2,22,0
3366,32,4,1,7,7
3367,54,0,0,17,0
3368,53,0,2,21,0
3369,53,0,3,9,0
3370,60,1,3,18,1
3371,84,2,1,20,2
3374,53,0,4,23,0
3375,53,0,2,16,0
3377,53,0,2,11,0
3378,53,2,3,6,2
3379,53,7,4,20,6
3380,53,0,4,15,0
3381,53,2,3,20,2
3383,53,1,4,17,1
3384,15,0,3,19,0
3385,26,3,0,19,6
3386,43,3,0,18,3
3387,53,0,1,19,0
3388,81,5,2,21,9
3389,53,0,1,18,0
3390,53,8,0,19,6
3391,73,5,2,13,5
3392,53,0,2,17,0
3393,53,0,3,17,0
3394,53,0,4,16,0
3395,53,5,1,16,4
3396,53,0,3,20,0
3397,53,0,4,18,0
3399,53,0,1,22,0
3400,15,1,0,20,1
3401,54,0,3,19,0
3402,53,0,2,16,0
3404,53,0,0,20,0
3405,118,1,1,11,1
3406,84,0,3,18,0
3407,53,0,1,15,0
3408,84,7,0,17,8
3410,43,8,1,11,9
3411,53,0,0,17,0
3412,53,0,1,15,0
3413,84,1,1,20,2
3414,53,0,3,21,0
3415,90,0,0,19,0
3416,35,5,3,22,2
3417,53,0,0,19,0
3420,53,5,2,21,4
3421,53,8,4,22,7
3422,53,0,2,20,0
3423,107,3,1,20,5
3424,84,11,4,12,12
3425,53,2,0,21,2
3426,53,12,0,19,10
3427,53,0,1,19,0
3428,53,10,0,18,8
3429,53,0,0,18,0
3430,53,0,2,17,0
3431,15,0,0,16,0
3432,84,1,3,20,2
3433,26,3,0,12,5
3434,90,0,2,18,0
3435,15,1,2,16,1
3437,53,1,5,6,0
3438,53,3,1,7,2
3441,53,13,4,20,11
3445,53,0,1,21,0
3446,53,0,1,6,0
3447,54,0,2,20,0
3450,92,6,3,16,12
3451,134,0,2,23,0
3452,53,0,3,21,0
3453,15,0,2,15,0
3455,53,0,3,15,0
3456,4,0,5,9,1
3457,90,6,1,11,9
3458,35,0,2,1,0
3459,134,0,0,21,1
3460,53,11,3,16,9
3461,53,0,4,20,0
3463,53,0,4,14,0
3464,90,1,1,17,2
3466,53,0,1,19,0
3467,60,4,0,18,6
3468,15,0,2,20,0
3469,53,3,1,19,2
3470,53,0,3,20,0
3471,53,1,0,22,1
3472,84,3,0,18,4
3473,53,0,4,20,0
3474,53,0,4,19,0
3476,15,0,3,19,0
3477,53,0,2,20,0
3478,36,0,2,16,0
3479,90,1,3,15,2
3480,35,0,0,23,0
3481,134,0,1,22,0
3482,26,9,4,21,15
3483,53,0,0,20,0
3484,35,0,1,0,0
3485,54,0,3,17,0
3486,84,8,0,18,8
3487,35,0,3,20,0
3488,53,0,4,18,0
3489,90,0,0,17,0
3490,99,1,4,17,2
3491,35,0,2,19,0
3492,53,0,5,8,0
3493,53,0,2,18,0
3494,53,1,0,17,1
3495,53,0,2,16,0
3496,53,2,2,19,2
3497,53,2,0,11,2
3499,53,0,2,8,0
3500,66,4,1,14,8
3501,53,0,2,20,0
3502,36,2,0,16,2
3503,53,2,4,7,1
3504,26,5,0,13,8
3505,53,8,1,1,7
3506,90,7,1,21,10
3507,54,1,0,14,2
3508,53,15,2,19,13
3509,81,2,0,18,3
3510,26,3,0,22,6
3511,53,0,0,20,0
3512,53,4,0,18,3
3513,53,11,1,20,9
3514,43,2,1,19,2
3515,53,6,4,17,5
3518,53,1,0,14,1
3519,35,0,4,15,0
3520,53,0,2,22,0
3521,53,0,3,20,0
3522,53,0,2,16,0
3523,15,8,1,18,9
3524,53,0,3,13,0
3525,84,6,0,18,6
3526,90,5,2,17,7
3527,60,5,1,17,7
3528,53,0,1,21,0
3531,84,7,0,20,8
3533,4,1,1,20,2
3534,53,2,3,17,1
3536,53,0,0,17,0
3538,53,0,4,20,0
3540,35,0,1,23,0
3541,134,0,0,23,0
3544,53,6,1,20,5
3545,90,10,1,13,14
3547,53,0,1,18,0
3548,53,0,1,17,0
3549,98,4,3,18,8
3550,53,0,2,18,0
3553,130,4,4,19,9
3554,53,0,3,16,0
3555,84,9,4,20,10
3556,53,0,2,21,0
3557,142,13,0,19,11
3558,53,1,3,21,1
3559,53,3,1,14,2
3560,53,0,2,6,0
3561,84,5,3,21,6
3564,53,3,0,17,2
3566,53,15,2,14,12
3568,84,13,1,19,14
3570,53,2,1,8,1
3571,33,1,4,20,1
3572,145,2,1,21,1
3573,35,0,3,18,0
3574,53,0,3,17,0
3575,53,3,1,19,2
3576,53,0,2,15,0
3577,53,0,3,20,0
3578,83,3,4,20,7
3579,60,1,4,16,1
3580,60,5,3,19,7
3581,53,0,0,19,0
3584,53,6,4,1,5
3585,53,8,3,17,7
3586,90,3,2,20,4
3587,53,0,0,22,0
3588,53,0,4,17,0
3589,53,3,4,18,2
3590,21,5,4,18,7
3591,53,0,3,16,0
3593,150,7,1,15,6
3594,53,16,0,13,13
3595,120,1,0,14,2
3596,53,0,1,21,0
3597,53,5,1,7,4
3598,53,0,2,20,0
3602,53,2,1,19,2
3603,53,5,0,22,4
3604,84,0,0,17,0
3605,0,2,0,18,3
3606,128,5,2,20,8
3607,53,9,3,21,8
3608,53,6,4,17,5
3609,53,0,3,20,0
3610,15,0,2,16,0
3611,134,0,0,13,0
3612,53,1,3,15,1
3615,134,0,0,22,0
3616,43,2,1,11,2
3617,35,0,1,21,0
3618,53,0,1,18,0
3619,53,7,4,20,6
3620,35,0,0,20,0
3621,134,0,2,21,0
3622,35,0,0,20,0
3623,36,4,3,18,3
3624,15,0,3,17,0
3625,15,9,3,19,10
3626,53,3,2,20,3
3627,53,0,4,15,0
3628,53,0,1,13,0
3629,53,1,1,13,0
3630,84,6,4,15,7
3631,53,2,2,7,2
3632,53,9,2,20,7
3633,53,0,4,20,0
3635,53,0,1,15,0
3636,53,0,1,20,0
3637,84,1,1,17,2
3638,53,0,3,19,0
3639,53,0,4,18,0
3640,53,0,1,20,0
3642,91,5,2,20,9
3644,53,11,3,18,9
3646,73,0,0,21,1
3647,53,1,3,18,1
3648,53,0,1,19,0
3649,53,0,3,19,0
3650,84,3,2,21,3
3651,53,0,2,19,0
3652,53,0,3,18,0
3654,53,1,4,19,1
3655,53,0,1,22,0
3657,53,8,1,19,7
3658,84,1,0,13,1
3659,53,2,0,18,2
3660,53,1,4,20,1
3661,53,2,1,18,2
3664,53,1,1,20,1
3665,84,5,4,18,6
3667,53,3,3,19,2
3668,53,0,1,21,0
3671,53,0,3,15,0
3672,53,0,3,21,0
3675,53,1,0,20,1
3677,35,0,4,20,0
3679,53,2,1,18,2
3680,53,0,2,20,0
3681,53,3,1,21,3
3682,53,0,2,1,0
3683,53,0,2,17,0
3684,53,0,3,23,0
3685,121,2,0,12,7
3686,53,0,1,15,0
3687,97,6,2,22,10
3689,84,6,3,11,7
3690,18,0,0,19,1
3691,23,9,1,9,12
3693,53,0,3,18,0
3694,35,0,0,19,0
3695,53,3,1,23,2
3697,90,5,4,13,8
3698,150,7,1,6,5
3699,53,5,1,7,4
3700,53,2,3,20,1
3701,53,0,1,20,0
3702,12,0,2,12,0
3703,54,4,3,5,5
3704,35,0,3,19,0
3706,53,0,0,14,0
3707,53,0,2,20,0
3709,53,0,2,18,0
3710,15,6,2,18,7
3711,53,0,0,15,0
3712,53,0,1,16,0
3713,53,4,0,18,3
3714,53,0,3,8,0
3715,53,0,4,5,0
3716,53,0,0,23,0
3717,107,8,2,13,14
3718,65,4,2,15,7
3719,53,0,0,17,0
3720,53,2,2,20,1
3721,53,7,0,17,6
3722,15,13,3,18,15
3723,53,0,0,21,0
3724,53,0,4,21,0
3725,36,0,0,22,0
3726,53,1,0,19,1
3727,53,2,1,23,2
3728,12,0,1,21,0
3729,35,0,3,15,0
3730,53,0,2,18,0
3731,53,0,1,15,0
3732,53,3,1,11,3
3733,36,0,4,7,0
3734,53,1,0,17,0
3735,53,1,4,17,1
3736,145,0,3,18,0
3737,53,1,4,21,1
3738,53,0,4,16,0
3739,35,0,2,17,0
3740,83,2,1,18,5
3741,53,2,3,16,1
3743,53,0,1,19,0
3744,107,2,2,16,4
3746,53,15,0,19,12
3747,53,4,3,14,3
3748,15,3,1,23,3
3749,53,11,1,23,9
3750,53,0,2,17,0
3751,53,0,1,22,0
3752,53,0,2,7,0
3753,53,0,1,15,0
3754,35,0,3,20,0
3755,53,6,2,21,5
3756,53,0,3,12,0
3757,15,4,3,19,4
3758,53,0,3,12,0
3759,15,0,1,19,0
3760,35,0,2,19,0
3761,145,0,4,17,0
3762,53,0,1,18,0
3763,53,1,0,14,1
3764,53,0,1,19,0
3765,53,0,1,1,0
3767,54,3,4,18,3
3768,99,4,0,20,8
3769,53,2,1,21,2
3771,90,0,1,18,0
3772,60,5,0,12,7
3773,53,0,2,19,0
3774,84,1,4,16,2
3777,53,3,1,13,3
3778,81,6,1,19,11
3779,48,3,0,20,6
3780,15,2,2,4,2
3781,145,0,0,20,0
3782,15,4,0,15,4
3783,53,0,4,16,0
3784,53,17,0,20,14
3785,53,1,1,19,1
3786,53,2,1,22,2
3788,15,0,3,16,0
3789,90,4,1,19,6
3790,53,16,0,21,13
3791,53,2,1,21,2
3792,53,0,1,19,0
3793,84,5,4,15,6
3794,53,9,0,16,7
3795,15,0,2,9,0
3796,53,9,0,19,7
3797,90,9,1,8,13
3799,53,5,0,20,4
3800,84,3,0,13,3
3801,53,0,3,9,0
3803,12,0,2,18,0
3804,97,2,1,17,4
3805,54,2,4,6,2
3806,91,4,3,17,7
3807,84,5,0,16,6
3808,145,0,1,16,0
3809,15,0,1,21,0
3810,53,0,4,15,0
3811,53,2,0,20,2
3812,90,2,2,20,2
3813,107,0,4,21,0
3814,53,8,0,20,7
3815,117,1,0,19,1
3816,84,2,2,18,3
3817,53,12,3,20,10
3820,54,0,3,22,0
3821,53,5,0,18,4
3823,53,2,4,21,1
3824,9,7,3,5,14
3825,53,0,3,22,0
3826,15,0,4,21,0
3827,53,0,3,20,0
3828,97,2,0,19,3
3829,53,3,0,21,2
3830,53,5,0,18,4
3831,53,0,1,19,0
3833,15,0,0,19,0
3834,53,12,2,18,10
3835,20,2,1,13,8
3836,53,0,3,14,0
3837,117,7,4,13,8
3838,53,0,1,21,0
3839,125,14,2,11,12
3840,53,0,0,19,0
3841,26,4,0,20,7
3842,53,1,5,7,1
3843,53,0,3,17,0
3844,53,0,3,19,0
3845,54,1,3,10,2
3846,84,6,1,11,7
3847,84,0,1,19,0
3848,90,3,2,20,4
3849,54,12,4,13,13
3850,53,0,2,20,0
3851,53,1,1,18,1
3852,53,10,0,20,8
3853,53,0,3,17,0
3854,35,0,4,17,0
3855,53,1,0,6,1
3856,134,3,0,20,3
3858,53,0,4,0,0
3859,53,0,1,20,0
3860,145,0,0,17,0
3861,84,2,3,10,2
3862,53,0,0,17,0
3863,53,0,0,18,0
3864,53,17,4,21,15
3866,53,0,4,16,0
3867,84,0,0,19,0
3868,53,3,2,12,3
3869,84,0,3,19,0
3870,35,4,4,19,2
3871,53,2,0,20,1
3872,53,2,3,17,2
3873,90,0,2,14,0
3874,15,8,1,15,9
3875,84,5,4,18,5
3876,53,0,0,20,0
3878,53,0,1,18,0
3879,53,0,3,0,0
3880,35,0,3,16,0
3881,90,4,4,19,5
3882,53,0,2,21,0
3883,134,0,2,18,0
3885,53,0,1,17,0
3886,127,8,2,20,14
3887,15,5,0,21,6
3889,53,3,3,20,2
3891,53,0,3,19,0
3892,53,0,1,14,0
3893,90,4,4,18,6
3894,53,8,1,1,7
3895,84,3,4,22,3
3897,47,3,2,20,4
3898,53,0,4,21,0
3900,53,0,3,16,0
3901,134,0,0,23,0
3902,53,0,0,17,0
3903,90,6,0,19,8
3904,84,1,3,7,2
3906,53,0,0,15,0
3907,53,1,0,19,1
3908,53,3,0,21,3
3909,84,4,1,21,4
3910,53,0,1,22,0
3911,15,1,1,9,1
3914,53,0,4,22,0
3915,53,0,4,11,0
3916,145,0,2,17,0
3917,15,0,0,22,0
3918,53,12,2,6,10
3919,53,0,3,21,0
3920,53,8,4,21,6
3921,53,2,2,17,2
3922,53,0,0,22,0
3923,53,0,2,20,0
3924,90,1,1,20,1
3925,54,0,2,22,0
3926,53,14,1,18,11
3927,53,0,3,22,0
3929,53,0,0,15,0
3931,53,0,0,15,0
3932,53,0,1,17,0
3933,53,9,2,18,7
3934,35,0,1,19,0
3935,53,1,0,14,1
3936,53,0,3,23,0
3937,53,3,3,16,2
3938,53,2,2,20,1
3939,53,2,1,21,2
3940,134,3,1,18,3
3941,15,0,2,20,0
3942,35,2,0,19,1
3943,53,0,1,18,0
3944,53,2,2,20,2
3945,53,1,4,20,0
3947,15,1,0,20,1
3948,84,1,4,17,1
3949,53,0,1,0,0
3950,54,13,0,17,15
3951,53,0,0,15,0
3952,53,11,0,16,9
3953,53,1,0,12,1
3954,60,2,2,5,3
3955,53,2,0,18,1
3956,53,1,4,17,1
3958,60,0,0,17,1
3959,90,3,1,20,4
3960,78,4,2,16,8
3961,15,0,2,16,0
3962,15,0,0,17,0
3964,53,1,4,14,1
3965,53,0,5,7,0
3966,90,0,2,12,0
3967,53,0,2,21,0
3968,53,0,0,20,0
3969,53,7,4,19,6
3970,53,0,2,17,0
3971,53,5,1,19,4
3972,53,4,4,7,3
3973,53,5,1,23,4
3975,99,0,0,15,1
3977,53,2,2,22,1
3978,134,1,3,21,1
3979,53,1,4,18,1
3980,53,0,3,20,0
3981,62,6,3,16,14
3982,53,2,2,20,1
3984,53,7,0,18,6
3985,53,0,3,1,0
3986,53,0,1,18,0
3987,15,0,3,18,0
3988,15,0,2,16,0
3989,53,0,4,7,0
3990,53,0,3,23,0
3991,53,1,4,20,1
3993,78,5,4,20,11
3994,26,0,1,15,0
3995,84,0,3,19,0
3996,53,0,4,16,0
3997,53,0,2,20,0
3998,53,0,5,7,0
3999,53,1,4,19,1
4000,53,0,3,19,0
4001,53,0,3,19,0
4002,53,6,2,19,5
4003,15,3,1,21,4
4005,84,4,2,19,5
4007,84,1,4,17,1
4008,90,6,1,19,9
4010,54,0,0,18,0
4011,53,13,0,18,11
4012,29,7,4,15,15
4013,53,2,1,21,2
4014,53,0,5,1,0
4015,53,0,0,17,0
4016,53,9,1,1,8
4018,134,3,2,16,4
4019,111,3,3,17,10
4020,53,0,0,21,0
4021,53,0,3,16,0
4022,117,2,2,15,2
4023,53,1,0,8,1
4024,53,0,3,17,0
4025,60,2,2,21,2
4027,53,0,1,20,0
4028,84,7,0,16,8
4029,53,11,1,20,9
4030,53,0,4,20,0
4032,115,1,0,19,1
4033,53,3,2,23,3
4034,84,13,2,13,14
4035,53,3,1,22,2
4036,53,11,1,19,9
4037,53,0,1,17,0
4038,90,8,2,20,12
4039,53,4,4,19,3
4040,90,1,4,16,1
4041,53,0,2,17,0
4042,35,0,4,19,0
4043,53,3,4,17,2
4044,75,5,3,18,7
4045,53,1,0,20,1
4046,53,0,0,20,0
4047,134,0,1,1,0
4048,53,12,0,21,10
4049,90,1,4,19,1
4050,15,0,3,18,0
4051,53,1,3,21,1
4052,53,6,4,20,5
4053,15,0,2,19,0
4054,53,0,4,13,0
4055,53,0,3,19,0
4056,35,0,2,0,0
4057,53,0,1,22,0
4058,84,7,3,20,8
4059,26,0,4,9,1
4060,84,13,0,19,15
4061,53,2,2,18,1
4062,53,3,4,18,2
4063,53,0,0,16,0
4064,84,13,3,19,14
4065,15,0,0,23,1
4066,53,2,0,19,1
4068,53,11,1,20,9
4070,53,1,0,13,1
4071,53,4,1,6,3
4072,53,0,1,17,0
4075,134,1,0,19,2
4076,53,0,3,18,0
4077,134,0,0,19,0
4078,53,0,1,21,0
4079,53,0,0,20,0
4080,36,0,4,17,0
4081,15,0,1,16,0
4082,50,9,2,21,11
4083,53,1,4,21,0
4085,12,0,2,20,0
4086,84,0,0,22,1
4087,84,8,3,20,10
4088,53,0,0,21,0
4089,84,7,4,21,8
4090,53,3,0,18,2
4091,53,0,1,17,0
4092,53,0,4,17,0
4093,53,0,4,14,0
4094,53,8,0,14,7
4095,53,0,0,20,0
4096,53,0,2,21,0
4097,35,0,1,17,0
4098,53,6,2,21,5
4099,53,2,2,0,2
4100,90,1,0,12,1
4101,66,1,3,21,2
4102,145,0,3,20,0
4103,35,0,2,20,0
4104,53,2,4,7,1
4105,53,8,2,22,7
4106,53,0,0,19,0
4108,53,0,1,12,0
4109,53,0,3,7,0
4110,35,0,2,12,0
4111,35,0,2,20,0
4112,146,5,1,0,4
4113,15,5,4,10,6
4114,54,8,0,19,9
4115,53,2,3,21,1
4116,53,6,3,7,5
4117,35,0,3,0,0
4118,53,0,2,19,0
4119,53,0,4,5,0
4120,53,0,2,21,0
4121,84,8,2,11,9
4122,53,3,2,21,3
4123,53,15,1,20,12
4124,84,9,4,18,11
4125,53,0,3,12,0
4126,84,6,0,16,7
4128,140,0,0,17,0
4129,53,1,1,20,1
4130,134,0,4,16,0
4131,53,0,3,23,0
4132,54,0,2,10,0
4133,53,1,0,13,1
4134,15,0,3,18,0
4135,53,0,2,20,0
4136,53,2,2,6,2
4137,15,0,1,19,0
4138,53,0,3,22,0
4139,35,2,1,22,1
4140,53,0,4,8,0
4141,53,8,0,15,6
4142,84,4,2,16,5
4143,134,0,0,20,0
4144,53,4,0,21,3
4146,53,0,1,8,0
4148,60,7,3,17,10
4150,117,5,2,21,5
4151,53,6,2,16,5
4152,15,2,1,18,2
4153,90,1,2,16,1
4155,84,3,2,18,3
4157,90,3,1,18,4
4158,53,0,1,8,0
4159,53,5,1,19,4
4162,53,0,0,15,0
4163,53,0,4,22,0
4164,90,0,1,20,0
4166,84,4,1,20,4
4167,53,0,3,21,0
4168,53,0,4,20,0
4169,53,0,2,18,0
4170,53,0,0,21,0
4171,66,0,0,19,1
4173,53,0,1,18,0
4174,53,1,0,20,1
4175,53,0,3,18,0
4176,53,8,4,6,6
4177,90,11,0,19,15
4178,134,7,2,20,8
4179,15,2,1,8,2
4180,53,0,3,18,0
4181,90,3,2,11,4
4182,53,0,4,0,0
4184,90,0,2,19,0
4186,53,1,4,22,1
4188,53,13,0,14,11
4189,53,2,2,13,1
4190,53,0,1,0,0
4191,36,1,1,23,1
4192,53,0,3,0,0
4193,53,2,0,20,2
4195,90,1,0,20,1
4196,53,0,2,20,0
4198,53,1,1,17,1
4199,53,0,1,20,0
4200,53,8,2,15,7
4201,53,0,0,22,0
4202,53,2,1,18,2
4203,53,3,1,17,2
4204,36,0,4,12,0
4205,53,0,4,20,0
4207,130,3,4,21,6
4208,53,0,2,10,0
4209,53,0,4,15,0
4210,53,0,2,23,0
4211,53,5,4,12,4
4213,16,2,1,14,3
4214,53,0,0,15,0
4215,12,0,4,12,0
4216,53,0,4,22,0
4217,53,6,4,19,5
4218,53,0,0,22,0
4219,23,9,3,20,12
4220,53,0,0,23,0
4221,84,4,1,5,5
4222,84,5,3,20,5
4223,15,0,3,18,0
4224,53,0,0,20,0
4225,55,1,4,20,2
4226,53,0,0,21,0
4227,53,0,3,20,0
4228,80,7,2,20,9
4229,53,14,3,19,11
4230,84,11,0,19,13
4231,35,0,0,22,0
4232,53,3,1,8,2
4233,53,1,0,12,1
4234,54,8,3,11,9
4235,35,0,1,20,0
4236,53,0,1,19,0
4237,26,2,3,16,4
4238,53,0,3,19,0
4239,53,0,4,19,0
4240,53,0,1,21,0
4242,153,0,3,11,0
4243,134,0,1,22,0
4244,105,2,0,14,2
4245,84,7,3,20,7
4246,53,0,0,17,0
4247,53,2,2,20,1
4248,35,0,3,20,0
4249,53,1,0,21,1
4250,99,3,0,19,6
4251,54,3,0,20,4
4252,53,9,1,18,7
4253,90,3,4,20,5
4254,84,2,0,19,2
4256,53,0,1,15,0
4258,53,0,1,19,0
4260,53,7,4,19,6
4261,84,6,4,20,7
4262,53,5,1,7,4
4263,90,1,3,15,2
4264,53,0,2,17,0
4265,35,0,3,21,0
4266,134,1,2,16,1
4267,54,0,0,20,1
4269,84,1,1,19,1
4270,53,6,1,1,5
4271,53,0,3,0,0
4272,53,0,3,19,0
4273,26,6,0,18,10
4274,53,2,0,19,1
4275,90,4,0,18,6
4276,53,0,2,12,0
4277,53,0,3,21,0
4278,54,1,0,9,1
4279,15,0,0,9,0
4280,102,1,4,19,3
4281,53,3,3,6,3
4282,53,0,3,18,0
4283,53,0,0,20,0
4284,18,3,2,15,5
4285,139,3,1,20,5
4286,53,0,3,21,0
4287,15,8,3,14,9
4288,54,1,4,20,2
4289,35,0,2,20,0
4290,53,5,2,14,4
4291,35,0,3,21,0
4292,53,0,0,20,0
4293,53,2,2,14,2
4294,15,0,2,21,0
4295,53,7,1,13,6
4296,53,0,1,22,0
4297,53,0,2,18,0
4298,35,0,1,22,0
4299,54,0,2,12,0
4302,53,0,1,17,0
4303,60,5,1,20,7
4304,73,3,4,19,3
4305,84,1,3,20,1
4306,53,0,3,19,0
4307,53,5,4,18,4
4308,53,0,3,17,0
4309,84,4,0,18,5
4310,53,4,0,15,3
4311,53,0,5,7,0
4312,53,0,3,20,0
4313,53,0,3,15,0
4314,84,2,2,18,2
4315,53,7,0,20,6
4316,53,0,0,15,0
4317,36,0,4,16,0
4318,53,0,0,12,0
4319,53,0,3,15,0
4320,53,3,4,22,2
4321,53,0,4,22,0
4322,15,0,2,17,0
4323,84,4,0,19,5
4326,84,12,3,19,13
4327,99,3,2,18,7
4328,53,2,1,20,2
4329,17,6,1,16,11
4330,84,11,1,20,12
4331,53,0,3,20,0
4333,53,0,1,18,0
4334,53,9,4,20,7
4335,53,0,2,18,0
4336,90,10,3,20,14
4339,15,1,2,19,2
4340,53,0,4,22,0
4341,53,12,0,13,10
4342,53,12,3,20,10
4343,53,0,1,20,0
4344,53,0,4,15,0
4345,53,0,0,20,0
4346,53,0,4,19,0
4347,53,1,0,18,1
4349,53,0,2,17,0
4350,15,6,1,21,6
4355,53,0,3,18,0
4356,90,3,2,20,4
4357,36,0,1,16,0
4358,53,6,0,23,5
4359,84,11,4,18,12
4360,53,0,3,17,0
4362,53,2,0,18,1
4363,4,1,0,17,1
4364,53,0,2,11,0
4365,84,12,0,13,13
4366,53,0,3,18,0
4367,145,0,0,21,0
4368,53,2,1,18,2
4371,36,0,4,15,0
4372,35,0,2,20,0
4373,53,2,4,19,1
4374,53,0,3,17,0
4375,138,6,1,14,14
4376,53,7,0,18,6
4377,53,0,1,22,0
4378,26,2,1,18,4
4379,53,1,3,20,1
4380,53,15,0,19,12
4381,101,3,2,19,12
4382,53,5,2,12,4
4384,66,0,4,17,1
4386,54,0,3,17,0
4387,9,3,3,21,6
4388,35,0,1,0,0
4390,53,0,1,21,0
4391,53,0,2,17,0
4392,15,0,5,5,0
4393,53,17,4,8,14
4394,53,2,1,20,2
4395,97,1,3,17,2
4396,53,0,1,16,0
4397,53,0,4,18,0
4399,73,0,0,18,0
4400,107,1,2,20,1
4401,53,0,1,22,0
4402,107,0,4,19,1
4403,53,1,0,16,1
4404,105,6,0,20,8
4405,53,0,2,6,0
4406,73,4,3,20,4
4408,53,4,4,15,3
4409,84,4,4,10,5
4411,97,5,3,17,8
4412,134,0,2,23,0
4413,53,12,4,20,10
4414,76,3,2,18,4
4416,73,0,3,19,0
4418,53,0,0,18,0
4419,115,8,0,19,6
4420,53,0,3,20,0
4422,53,0,4,16,0
4425,53,8,2,7,7
4427,84,3,0,11,3
4428,53,9,4,18,7
4429,53,0,2,22,0
4430,53,0,1,20,0
4432,53,0,1,17,0
4433,150,12,2,8,10
4434,92,3,1,15,7
4435,53,0,2,11,0
4436,60,1,3,18,2
4437,53,0,0,16,0
4438,60,0,3,21,0
4439,53,0,1,23,0
4440,53,9,3,17,7
4441,53,3,4,22,3
4442,10,0,4,16,2
4443,53,0,3,17,0
4444,53,4,1,20,3
4445,53,0,1,19,0
4446,53,0,3,16,0
4447,53,7,4,20,6
4448,53,9,0,18,7
4449,53,0,0,20,0
4450,15,0,0,20,0
4451,53,0,1,20,0
4452,53,0,2,21,0
4453,90,0,1,19,0
4454,105,7,0,16,10
4455,53,0,2,22,0
4457,53,0,1,20,0
4458,73,1,1,16,2
4459,84,1,4,15,1
4460,53,0,4,15,0
4461,53,4,0,20,3
4462,53,0,1,19,0
4464,15,0,4,19,0
4466,115,4,4,17,3
4467,9,4,2,14,7
4468,35,0,3,20,0
4469,53,0,2,15,0
4470,53,0,0,19,0
4471,53,0,3,22,0
4472,60,2,4,17,3
4473,53,0,0,19,0
4474,53,0,1,18,0
4475,53,15,0,21,13
4476,53,0,3,18,0
4477,53,2,2,22,1
4479,35,0,2,20,0
4480,53,15,0,14,13
4481,105,4,3,16,6
4482,90,0,0,16,0
4483,53,0,3,23,0
4484,53,12,0,13,10
4486,53,2,0,12,1
4488,53,3,1,14,2
4489,53,0,3,1,0
4490,90,2,0,20,3
4491,53,3,1,20,2
4492,84,4,1,1,4
4493,36,0,3,23,0
4494,53,1,0,16,1
4495,35,0,3,16,0
4496,134,0,2,17,0
4497,15,4,1,14,4
4498,84,5,4,20,6
4499,15,9,4,21,10
4500,53,0,2,18,0
4502,53,0,1,18,0
4503,90,2,4,19,3
4504,53,1,4,20,1
4505,53,0,4,19,0
4507,134,0,0,16,0
4508,53,0,2,19,0
4509,53,0,4,16,0
4510,53,0,0,21,0
4512,115,2,1,14,1
4513,145,17,2,23,9
4514,90,0,3,19,0
4515,53,0,3,18,0
4516,53,0,3,21,0
4517,53,0,0,16,0
4518,84,4,1,17,5
4519,109,2,4,22,7
4520,53,0,1,15,0
4521,53,0,1,22,0
4522,84,2,4,21,2
4523,53,2,2,18,2
4524,53,0,1,17,0
4525,54,2,4,1,2
4526,53,3,0,16,2
4527,35,0,2,18,0
4528,39,2,0,20,3
4529,53,2,3,21,1
4531,145,0,2,20,0
4533,53,0,2,20,0
4534,53,0,0,11,0
4536,35,0,2,17,0
4538,76,4,4,14,6
4539,15,1,2,18,2
4540,53,2,0,20,1
4541,53,2,2,22,1
4542,53,7,4,19,6
4543,76,2,1,15,3
4545,84,7,3,20,7
4546,12,0,4,12,0
4547,53,2,2,21,1
4548,53,0,2,13,0
4549,53,0,4,20,0
4550,53,2,4,12,2
4551,84,1,4,18,1
4552,53,5,0,16,5
4553,53,0,4,18,0
4554,97,1,0,20,2
4555,53,0,4,18,0
4556,53,0,0,20,0
4557,53,3,1,15,2
4559,53,0,2,19,0
4560,53,8,4,18,7
4561,99,3,4,20,6
4562,73,7,1,21,8
4564,26,8,0,22,13
4565,128,0,2,18,0
4566,53,5,4,17,4
4567,97,5,0,20,8
4568,54,2,4,16,2
4569,90,6,1,18,8
4570,54,0,1,17,0
4571,53,0,5,1,0
4572,53,5,0,13,4
4573,90,2,0,16,3
4574,53,0,3,20,0
4576,53,0,1,19,0
4577,53,8,1,11,7
4578,35,0,2,22,0
4579,53,0,0,20,0
4580,150,3,2,7,2
